{
  "node_count": 12,
  "edge_density": 0.21212121212121213,
  "mean_degree": 2.3333333333333335,
  "max_degree": 5,
  "triangle_count": 2.0,
  "threshold_abs_r": 0.32849583
}