paper_id,title,abstract,year,doi,pmid,source,keywords,url,notes,journal,publication_year,publication_type,authors,citation_count,citation_source,citation_count_age_normalized,journal_impact_factor,journal_impact_factor_year,journal_quartile,journal_metric_source,is_open_access,provider,provider_id,pmcid,semantic_scholar_id,openalex_id,crossref_id,first_author,retrieval_channel,query,query_group,query_set_version,journal_priority_score,journal_domain,jcr_category,open_access_url
api_paper_13c8c2c92144,Multimodal neuroimaging of locus coeruleus-default mode network connectivity for predicting dexmedetomidine response in chronic insomnia disorder.,"<h4>Objectives</h4>To explore whether pre-treatment functional connectivity between the locus coeruleus (LC) and default mode network (DMN), nodal graph-theoretical features, and gray matter volume can identify chronic insomnia patients who respond poorly to dexmedetomidine patient-controlled sleep therapy (PCSL).<h4>Methods</h4>Chronic insomnia patients underwent PCSL with sub-anesthetic dexmedetomidine and were classified as responders or non-responders based on changes in the Pittsburgh Sleep Quality Index. All patients and matched good sleeper received pre-treatment resting-state functional Magnetic Resonance Imaging (MRI) and structural MRI. Functional connectivity, graph metrics, and gray matter volumes of LC and DMN regions were extracted. Predictors were selected using univariate analysis and Least Absolute Shrinkage and Selection Operator regression (LASSO), then used in a multivariate logistic model. Model performance was assessed via Receiver Operating Characteristic (ROC), calibration, decision curve analysis, and bootstrap validation.<h4>Results</h4>No gray matter volume differences were found between responders and non-responders except increased right hippocampal volume in non-responders versus controls. Non-responders showed widespread increased LC-DMN connectivity pre-treatment, especially between right LC and left lateral temporal cortex versus responders. Graph metrics of key nodes (temporoparietal junction, lateral temporal cortex) were significantly reduced in non-responders. Three imaging features were included in the model, achieving an AUC of 0.816 with good calibration and clinical utility.<h4>Conclusion</h4>Pre-treatment LC-DMN functional and network topology differences may underlie variable responses to dexmedetomidine PCSL in chronic insomnia. The multimodal imaging model effectively predicts treatment sensitivity and may guide personalized interventions.",2026,10.3389/fpsyt.2026.1718790,41883726,api:europe_pmc,[],https://doi.org/10.3389/fpsyt.2026.1718790,provider=europe_pmc; provider_id=41883726; journal=,,2026,,"['Tao Y', 'Zhou Y', 'Tang Y', 'Wu Z', 'Li Y', 'Shi H.']",0,europe_pmc,0.0,,,,,True,europe_pmc,41883726,,,,,,,Global signal power in thalamus-DMN FC studies of insomnia,,,,,,
api_paper_221fe227c9af,Thalamocortical functional connectivity alterations and peripheral immune transcriptomic dysregulation in major depressive disorder patients with suicidal ideation.,"Suicidal ideation (SI) in major depressive disorder (MDD) presents a serious clinical concern, yet its underlying biological mechanisms remain poorly understood. Using an exploratory, multimodal design, this study included 98 MDD patients with SI (MDD_SI), 61 without SI (MDD_nSI), and 233 healthy controls (HC), and collected functional MRI and peripheral blood transcriptomic data. Network-based statistics of resting-state functional connectivity (FC) identified brain network differences among the three groups, followed by graph-theoretical analysis of derived hub regions. Differential module connectivity (MDC) analyses of blood transcriptomic modules were performed to identify group-level differences, and exploratory correlation analyses were performed to examine associations between brain network topology and transcriptomic alterations. A functional network centered on the caudal temporal thalamus (cTtha) showed significant group differences (MDD_SI > MDD_nSI >HC; p < 0.001), with increased nodal efficiency of the left cTtha in both the MDD_SI (p = 0.043) and MDD_nSI (p < 0.001) groups compared with the HC group. Modules differentiating MDD_SI from MDD_nSI were enriched in antiviral immune responses and epigenetic regulation (darkred, MDC = 1.508, p = 0.04; yellow, MDC = 0.93, p = 0.01), while SI-specific alterations involved mitochondrial energy dysregulation and nSI-specific alterations involved vascular and translational pathways. Notably, one immune-related gene module was significantly correlated with left cTtha betweenness centrality (r = 0.274, p = 0.021), degree centrality (r = 0.262, p = 0.027), and nodal efficiency (r = 0.235, p = 0.048) in the MDD_SI group. This study indicates that MDD and SI are associated with cTtha-centered functional network alterations and peripheral transcriptomic dysregulation, and that, within MDD, SI may show a potential link between cTtha-centered brain network disruption and immune transcriptomic dysregulation. These results should be interpreted cautiously given the exploratory design, binary SI assessment, and modest effect sizes.",2026,10.1038/s41398-026-04047-w,42014385,api:europe_pmc,[],https://doi.org/10.1038/s41398-026-04047-w,provider=europe_pmc; provider_id=42014385; journal=,,2026,,"['Wang M', 'Wei J', 'Yan Y', 'Dou Y', 'Zhao L', 'Ni R', 'Yang X', 'Ma X.']",0,europe_pmc,0.0,,,,,True,europe_pmc,42014385,,,,,,,Global signal power in thalamus-DMN FC studies of insomnia,,,,,,
api_paper_648536d6d941,Predicting treatment response to transcutaneous auricular vagus nerve stimulation in patients with insomnia: resting-state functional connectivity based multivoxel pattern analysis.,"BACKGROUND: The salience network, with the insula as its central hub, plays a pivotal role in the pathophysiology of primary insomnia (PI). Transcutaneous auricular vagus nerve stimulation (taVNS) shows therapeutic potential, its neural mechanisms and predictive biomarkers remain uncharacterized. METHODS: In a double-blind trial, 67 PI patients (taVNS = 34, sham = 33) underwent clinical assessments and resting-state fMRI at baseline and after 4-week treatment. We analyzed:1)Treatment-induced changes in bilateral insula-cortical functional connectivity (FC); 2)Predictive value of baseline FC using support vector regression. RESULTS: TaVNS group showed significantly improved clinical assessment compared with staVNS. Decreased rs-FCs were found between the left insula and areas involved in DMN(superior parietal gyrus, SPG), Visual/Auditory (superior occipital gyrus, SOG; middle occipital gyrus, MOG; calcarine and middle temporal gyrus, MTG) and cingulo-opercular network(middle frontal gyrus, MFG and cerebellum).In addition, decreased FC between left insula and left cerebellum correlated negatively with sleep disturbances score improvement (r = -0.502, p = 0.006, Bonferroni correction), while decreased FC between left insula and right SOG positively with sleep latency score (r = 0.391, p = 0.040,uncorrection). Baseline left insula-visual/auditory circuit FC can predicte taVNS treatment response in PI (r = 0.534, p = 0.002, 5000 permutation test). CONCLUSIONS: TaVNS may alleviate PI symptoms by reducing FCs between the salience and task-positive networks and within the cingulo-opercular network to reduce visual-related overactivity and hypervigilance.The baseline functional connectivity in the left insula-visual/auditory circuit could act as a candidate biomarker for predicting taVNS treatment response, which enable the screen of therapy-responsive insomnia patients before treatment. CLINICAL TRIALS REGISTRATION: Chinese Clinical Trial Registry (ChiCTR 1900022535, 2019-04-16).",2026,10.1186/s12888-025-07484-x,41495721,api:europe_pmc,[],https://doi.org/10.1186/s12888-025-07484-x,provider=europe_pmc; provider_id=41495721; journal=,,2026,,"['Qi M', 'Li S', 'Wu X', 'Xu B', 'Mai R', 'Yan Z', 'Zhong Z', 'Liu B', 'Zhang Y.']",0,europe_pmc,0.0,,,,,True,europe_pmc,41495721,,,,,,,Global signal power in thalamus-DMN FC studies of insomnia,,,,,,
api_paper_1a951f880228,Abnormal amplitude of low-frequency fluctuations and functional connectivity in patients with primary dysmenorrhea.,"<h4>Objective</h4>This study utilized resting-state functional magnetic resonance imaging (rs-fMRI) to investigate changes in the spontaneous activity of the default mode network (DMN) in patients with primary dysmenorrhea (PD) through amplitude of low-frequency fluctuation (ALFF) and functional connectivity (FC) analyses, aiming to explore their relationship with emotional regulation.<h4>Methods</h4>A total of 14 PD patients (the PD group) and 24 healthy controls matched by age, education, and gender (the HC group) underwent rs-fMRI scans. First, changes in ALFF were calculated for the PD group in comparison to the HC group, and brain regions with ALFF differences were used as regions of interest (ROIs). Subsequently, rs-fMRI was employed to detect differences in FC intensity between the two groups. Nine PD patients completed neuropsychological scale assessments, and correlations between their ALFF and FC values were analyzed.<h4>Results</h4>Compared to the HC group, the PD group exhibited decreased ALFF in the middle temporal gyrus, temporal pole, and superior temporal gyrus on the left side. Using the temporal pole as the ROI, the PD group also showed decreased connectivity between the temporal pole and the superior frontal gyrus (SFG), dorsolateral supplementary motor area (SMA), and precentral gyrus on the right side. A trend suggesting a positive correlation between ALFF values and anxiety was observed.<h4>Conclusion</h4>PD patients exhibited multidimensional functional changes in the brain. ALFF and FC may serve as sensitive biomarkers for distinguishing PD patients from healthy individuals.",2025,10.3389/fnint.2025.1506742,41133258,api:europe_pmc,[],https://doi.org/10.3389/fnint.2025.1506742,provider=europe_pmc; provider_id=41133258; journal=,,2025,,"['Zhu Z', 'Xu F', 'Hu G', 'Pan Y', 'Wang X.']",0,europe_pmc,0.0,,,,,True,europe_pmc,41133258,,,,,,,Global signal power in thalamus-DMN FC studies of insomnia,,,,,,
api_paper_6731d310ac4e,Abnormal functional activity in the cerebellar crus can distinguish patients with migraine with comorbid insomnia.,"<h4>Background</h4>Migraine is a prevalent neurological disorder that is frequently observed in clinical practice and is commonly comorbid with insomnia. Insomnia can exacerbate and precipitate migraine attacks, with both conditions exerting a reciprocal influence on one another. The cerebellar crus is significantly associated with the pathophysiology of migraine and insomnia. The relationship between cerebellar crus functional alterations and migraine-associated insomnia remains unclear. This study utilizes resting-state functional magnetic resonance imaging (rs-fMRI) to examine functional alterations in the cerebellar crus of patients with migraine and concurrent insomnia.<h4>Methods</h4>Participants underwent resting-state functional magnetic resonance imaging. Subsequently, the disparity in amplitude of low-frequency fluctuations (ALFF) values among groups was analyzed, followed by functional connectivity (FC) investigations employing the cerebellum crus as seed regions.<h4>Results</h4>Migraine patients frequently experience neuropsychological disorders and insomnia, which are interconnected. Both migraine with insomnia (MwI) and migraine without insomnia (MwoI) groups demonstrated elevated amplitude of low-frequency fluctuations (ALFF) in the left Crus I and II compared to the healthy controls (HC) group, with the MwI group exhibiting more pronounced alterations. Additionally, both patient groups showed decreased FC between the left Crus I and the right middle temporal gyrus (MTG) and inferior temporal gyrus (ITG) relative to the HC group. The MwoI group showed significantly lower FC compared to both the HC and MwI groups. A significant negative correlation was observed between ALFF in the left Crus I/II and Pittsburgh Sleep Quality Index (PSQI) scores in the MwoI group. Conversely, in the combined migraine cohort, FC between the left Crus I and the right MTG/ITG showed a positive correlation with PSQI scores.<h4>Conclusion</h4>This study identified a correlation between aberrant functional activity in the left Crus I/II and migraine comorbidity with insomnia. These findings provide fresh perspectives on the neural mechanisms underlying the migraine-insomnia relationship, thereby facilitating the identification of potential neuroimaging biomarkers and the exploration of targeted interventions for this patient subgroup.",2026,10.3389/fnins.2026.1745862,41658941,api:europe_pmc,[],https://doi.org/10.3389/fnins.2026.1745862,provider=europe_pmc; provider_id=41658941; journal=,,2026,,"['Zhang Y', 'Wang C', 'Gui W', 'Feng X', 'Wang Y.']",0,europe_pmc,0.0,,,,,True,europe_pmc,41658941,,,,,,,Global signal power in thalamus-DMN FC studies of insomnia,,,,,,
api_paper_fffaabfe8a08,DTI-ALPS and subcortical structural-functional coupling mediate the impact of sleep quality on working memory in insomnia disorder.,"<h4>Background</h4>Working memory (WM) deficits are frequently observed in patients with insomnia disorder (ID), but their neural basis is unclear. Glymphatic dysfunction and disrupted structural-functional coupling have been implicated, yet they have rarely been examined together, particularly in clinical populations.<h4>Methods</h4>We conducted a multimodal MRI study in 391 ID patients. Glymphatic function was estimated using the diffusion tensor image analysis along the perivascular space (DTI-ALPS). The SFC was derived by correlating structural connectivity and functional connectivity. WM was measured by the longest span on the digit span backward task. Partial correlations and mediation analyses were performed to examine associations among sleep quality (Pittsburgh Sleep Quality Index, PSQI), DTI-ALPS, SFC, and WM performance.<h4>Results</h4>DTI-ALPS was negatively correlated with PSQI (<i>r</i> = -0.17, <i>p</i> = 0.006), indicating reduced glymphatic clearance with poorer sleep quality. Global SFC was positively associated with DTI-ALPS (<i>r</i> = 0.32, pFDR < 0.001), but not with WM (<i>r</i> = 0.01, <i>p</i> = 0.84). At the network level, SFC within the subcortical network (Sub-SFC) correlated with both DTI-ALPS (<i>r</i> = 0.29, pFDR < 0.001) and WM performance (<i>r</i> = 0.28, pFDR < 0.001). Mediation analysis revealed that DTI-ALPS and Sub-SFC jointly mediated the association between PSQI and WM performance, with a significant indirect effect (indirect effect = -0.074).<h4>Conclusions</h4>This study provides novel evidence that impaired glymphatic clearance and reduced Sub-SFC form key neural pathways linking poor sleep quality to working-memory deficits in ID, and that DTI-ALPS and Sub-SFC may serve as useful biomarkers of cognitive vulnerability.",2026,10.1017/s0033291726104188,42317112,api:europe_pmc,[],https://doi.org/10.1017/S0033291726104188,provider=europe_pmc; provider_id=42317112; journal=,,2026,,"['Lv Z', 'Zhang H', 'Yang Y', 'Wei Y', 'Lei X.']",0,europe_pmc,0.0,,,,,True,europe_pmc,42317112,,,,,,,Global signal power in thalamus-DMN FC studies of insomnia,,,,,,
api_paper_e7033d1bf72c,Study on brain functional networks and cortical morphological structures in patients with primary insomnia.,"<h4>Introduction</h4>The prevalence of primary insomnia (PI) has been increasing year by year. This study aims to explore its neurobiological mechanisms and provide neuroimaging evidence for clinical diagnosis and treatment.<h4>Methods</h4>A total of 33 patients with PI and 25 healthy controls were recruited. All participants completed assessments of sleep status, cognitive function, and evaluations using neuropsychological scales. Voxel-based degree centrality (DC) analysis was used to identify abnormal functional network hubs, and differentially activated brain regions were further used as seed points for whole-brain functional connectivity (FC) analysis. Surface-based morphometry (SBM) was employed to analyze cortical morphological parameters. Additionally, DC values, FC values, and cortical morphological parameters of the differentially activated brain regions were extracted from the PI group for the differentially activated brain regions, and further correlation analyses were performed with neuropsychological scale scores.<h4>Results</h4>In patients with PI, the DC of the bilateral precuneus/posterior cingulate gyrus was increased, while the DC of brain regions related to the right parietal lobe was decreased; FC was reduced in some brain regions; the cortex of the left frontoparietal region was thinner with an elevated gyrification index (GI); and the fractal dimension (FD) of the right parieto-occipital cortex/left occipital cortex was decreased.<h4>Discussion</h4>PI patients show abnormal functional hubs (posterior DMN, CEN parietal lobe), reduced FC (CEN-right cerebellum, posterior DMN-occipital lobe), and cortical morphological changes (left frontoparietal thinning, etc.). These neuroimaging indices are correlated with patients' sleep quality, which can provide a basis for mechanistic research and clinical diagnosis of PI.",2026,10.3389/fneur.2026.1770086,41835075,api:europe_pmc,[],https://doi.org/10.3389/fneur.2026.1770086,provider=europe_pmc; provider_id=41835075; journal=,,2026,,"['Jin X', 'Wang X', 'Wang K', 'Lin Y', 'Duan X', 'Xu S', 'Cui X', 'Li H.']",0,europe_pmc,0.0,,,,,True,europe_pmc,41835075,,,,,,,Global signal power in thalamus-DMN FC studies of insomnia,,,,,,
api_paper_186b5272f865,Machine learning with multitype functional connectivity uncovers whole-brain network disruption in primary angle-closure glaucoma.,"Primary angle-closure glaucoma (PACG), an irreversible blinding disease characterized by retinal ganglion cell damage and optic nerve atrophy, exerts significant effects on brain functional networks. Using resting-state functional magnetic resonance imaging (rs-fMRI) data from 34 PACG patients and 34 matched healthy controls (HCs), we extracted four types of connectivity features-voxel-wise static functional connectivity (FC), dynamic functional connectivity (dFC), effective connectivity (EC), and dynamic effective connectivity (dEC)-via the AAL90 (Automated Anatomical Labeling 90) atlas following preprocessing. Elastic net feature selection was applied independently to each connectivity type to retain the top 10% most discriminative features. We evaluated the classification performance of ten machine learning models using individual feature types as well as their combined features, with the FC-based logistic regression (LR) model achieving optimal diagnostic efficacy (accuracy = 0.92, AUC = 0.96). SHapley Additive exPlanations (SHAP) of the model identified 20 critical connections, revealing abnormal patterns at both the region of interest (ROI)-level and network-level within brain networks such as the visual network (VSN), dorsal attention network (DAN), and sensorimotor network (SMN). Statistical group comparisons validated reduced connectivity (e.g., VSN-SMN, VSN-DAN) and enhanced DAN-thalamus connectivity in patients, while voxel-wise analyses of key regions confirmed diminished connectivity to visual areas. The results provide insights into how machine learning can be effectively employed to detect PACG-specific brain network disruptions and highlight potential neuroimaging biomarkers.",2025,10.1186/s40708-025-00289-4,41455052,api:europe_pmc,[],https://doi.org/10.1186/s40708-025-00289-4,provider=europe_pmc; provider_id=41455052; journal=,,2025,,"['Chen G', 'Hu D', 'Huang X', 'Wan Z.']",0,europe_pmc,0.0,,,,,True,europe_pmc,41455052,,,,,,,Global signal power in thalamus-DMN FC studies of insomnia,,,,,,
api_paper_202b151e9553,Hippocampal subregions functional connectivity alterations in primary angle-closure glaucoma patients with cognitive dysfunction: a resting-state fMRI study.,"<h4>Background</h4>Cognitive dysfunction has been reported in patients with glaucoma, but the underlying neural mechanisms remain unclear. This study aimed to explore functional connectivity (FC) alterations in hippocampal subregions in primary angle-closure glaucoma (PACG) patients with cognitive impairment.<h4>Method</h4>This study included forty-four PACG patients with cognitive dysfunction, and forty-six healthy controls (HCs). Participants underwent 3D high-resolution T1 structural imaging and BOLD fMRI scanning. Seven hippocampal subregions were selected as seed regions to explore changes in FC between the bilateral hippocampal subregions (Cornu Ammonis 1, Cornu Ammonis 2, Cornu Ammonis 3, Dentate gyrus, Entorhinal cortex, HATA, Subiculu) and the whole brain in PACG patients with cognitive dysfunction.<h4>Results</h4>Compared with the HCs group, the PACG group showed decreased FC between multiple hippocampal subregions and the cerebellum, precentral gyrus, postcentral gyrus, supplementary motor area, supramarginal gyrus, inferior frontal gyrus, opercular part, lenticular nucleus, pallidum, rolandic operculum, inferior parietal, supramarginal, and angular gyri. However, increased FC was found between the bilateral hippocampal subregions and the calcarine fissure and surrounding cortex, lingual gyrus, anterior cingulate, and paracingulate gyri. We also found that FC between hippocampal subregions and some brain regions were associated with visual acuity, average cup-to-disc ratio, and retinal nerve fibre layer thickness.<h4>Conclusion</h4>These findings reveal widespread hippocampal FC alterations involving the cerebellum, sensorimotor, default mode, and visual network (VN) in PACG patients with cognitive dysfunction, contributing to a better understanding of the underlying neural mechanisms.",2025,10.1186/s12883-025-04485-x,41225363,api:europe_pmc,[],https://doi.org/10.1186/s12883-025-04485-x,provider=europe_pmc; provider_id=41225363; journal=,,2025,,"['Li S', 'Wang Y', 'Li J', 'Chen L', 'Cai F', 'Lv L', 'Xu Z', 'Pei C', 'Zeng X.']",0,europe_pmc,0.0,,,,,True,europe_pmc,41225363,,,,,,,Global signal power in thalamus-DMN FC studies of insomnia,,,,,,
api_paper_b35de2622dc3,Young and old adult brains experience opposite effects of acute sleep restriction on the functional connectivity network.,"Chronic, long-term sleep loss is detrimental to brain health and cognitive ability. However, older adults are affected differently by acute, short-term loss of sleep than young and middle-aged adults. Older adults are more resilient to the effects of acute sleep loss and, depending on the cognitive domain, may be completely unaffected while younger adults suffer. To elucidate the brain network responses to sleep loss underlying these cognitive differences between age groups, we investigated the static and dynamic functional connectivity effects of acute sleep restriction (sleep limited to 3 hours) and how these effects differ between younger adults (20-30 years) and older adults (65-75 years). We found a functional connectivity subnetwork that was primarily strengthened in younger adults after acute sleep restriction but weakened in older adults after acute sleep restriction. Similar crossover interactions were consistently observed in further analyses of functional connectivity degree, modularity, and dynamic functional connectivity state fractional occupancy. Our findings demonstrate that the effect of acute sleep restriction on older adults is fundamentally different from that on younger adults. These results most strongly support the compensation theory of ageing, which predicts a fundamental shift in the effects of acute sleep loss, rather than a mere dampening of the sleep benefits experienced by younger adults.",2026,10.1162/imag.a.1278,42326561,api:europe_pmc,[],https://doi.org/10.1162/IMAG.a.1278,provider=europe_pmc; provider_id=42326561; journal=,,2026,,"['Neudorf J', 'Rokos L', 'Shen K', 'Kent B', 'McIntosh AR.']",0,europe_pmc,0.0,,,,,True,europe_pmc,42326561,,,,,,,Global signal power in thalamus-DMN FC studies of insomnia,,,,,,
api_paper_73af440981b5,Distinct and shared neurobiological patterns in PTSD and CPTSD: evidence from resting-state fMRI.,"<h4>Background</h4>Complex Post-Traumatic Stress Disorder (CPTSD) is a diagnosis newly introduced in the ICD-11. However, its status as a distinct disorder from Post-Traumatic Stress Disorder (PTSD) remains debated, and there is a notable lack of neuroimaging evidence derived from resting-state functional magnetic resonance imaging (rs-fMRI) to clarify this distinction. This study aimed to address this gap by providing integrated neuroimaging evidence to elucidate their unique and shared neural bases.<h4>Methods</h4>By collecting resting-state functional brain imaging data from patients with PTSD, CPTSD, and matched HCs and clinical scale data from participants, the amplitude of Low Fluctuations (ALFF) and functional connectivity in different brain regions were analyzed, and correlations between neuroimaging features and clinical indicators were examined.<h4>Results</h4>The study found that patients with CPTSD exhibited increased ALFF in the left prefrontal cortex, right supplementary motor area (SMA), and right superior parietal lobule, while showing decreased ALFF in the left calcarine sulcus and right temporal lobe. Patients with PTSD demonstrated increased ALFF in the left insula and decreased ALFF in the left angular gyrus, which was negatively correlated with negative alterations in cognition and mood. Both disorders showed decreased ALFF in several prefrontal regions. Additionally, PTSD exhibited enhanced connectivity between the right SMA and right precuneus, while both disorders showed increased functional connectivity between the caudate nucleus and lingual gyrus.<h4>Conclusion</h4>This study suggests distinct neurobiological patterns between PTSD and CPTSD, which may be associated with between-group differences in trauma timing categories. These findings offer preliminary insights and testable hypotheses regarding neurobiological differences between PTSD and CPTSD, and may serve as a preliminary reference for future investigations aimed at identifying neural markers to distinguish between the two conditions.<h4>Clinical trial number</h4>Not applicable.",2026,10.1186/s12888-026-08113-x,42062958,api:europe_pmc,[],https://doi.org/10.1186/s12888-026-08113-x,provider=europe_pmc; provider_id=42062958; journal=,,2026,,"['Zhang H', 'Xiao H', 'Zhang Q', 'Hou S', 'Wu Y', 'Yuan M', 'Zhang J', 'Qiu C', 'Lui S', 'Zhang W', 'Zhu H.']",0,europe_pmc,0.0,,,,,True,europe_pmc,42062958,,,,,,,Global signal power in thalamus-DMN FC studies of insomnia,,,,,,
api_paper_444b19449777,Can we predict sleep health based on brain features? A large-scale machine learning study using the UK Biobank.,"Numerous correlational and group comparison studies have demonstrated robust associations between sleep health (SH) and large-scale brain organization. However, individual differences play a critical role in this relationship, highlighting the need for person-specific analyses. In this study, we aimed to explore whether multiple brain imaging features could predict various SH-related traits at the individual level using machine learning (ML) techniques. We utilized data from 28 088 participants in the UK Biobank, extracting 4677 structural and functional neuroimaging markers. These features were then used to predict a range of self-reported sleep characteristics, including insomnia symptoms, sleep duration, ease of waking in the morning, chronotype, napping behaviour, daytime sleepiness and snoring. For each of these seven traits, we trained both linear and nonlinear ML models to evaluate how well brain imaging data could account for individual differences. Our analyses involved extensive computational resources, equivalent to over 200 000 core-hours (equivalent to 25 years of compute time). Despite this, the predictive performance of brain features was consistently low across all models, with balanced accuracy scores ranging from 0.50 to 0.59. The highest accuracy achieved (0.59) came from a linear model predicting the ease of getting up in the morning. Notably, models using only demographic variables such as age and sex achieved comparable performance, suggesting that these basic characteristics may largely explain the observed variability. These findings indicate that, even when using a large, well-powered sample and advanced ML techniques, multi-modal brain imaging features provide limited predictive value for SH at the individual level. This low predictability underscores the complexity of the relationship between self-reported sleep and brain structure/function. It also suggests that other biological, environmental or psychological factors-possibly not captured by current imaging modalities-may play a more substantial role in shaping sleep-related behaviours.",2026,10.1093/braincomms/fcag016,41675433,api:europe_pmc,[],https://doi.org/10.1093/braincomms/fcag016,provider=europe_pmc; provider_id=41675433; journal=,,2026,,"['Raimondo F', 'Bi H', 'Komeyer V', 'Kasper J', 'Primus S', 'Hoffstaedter F', 'Mandal S', 'Waite L', 'Winkelmann J', 'Oexle K', 'Eickhoff SB', 'Tahmasian M', 'Patil KR.']",0,europe_pmc,0.0,,,,,True,europe_pmc,41675433,,,,,,,Global signal power in thalamus-DMN FC studies of insomnia,,,,,,
api_paper_1161b213481f,A Study on dynamic functional connectivity and efficacy prediction of SAINT for rapid antidepressant effects and relief of suicidal ideation.,"Repetitive transcranial magnetic stimulation (rTMS) is widely used in the treatment of major depressive disorder (MDD). Stanford Accelerated Intelligent Neuromodulation Therapy (SAINT) is currently the latest effective treatment option that can rapidly antidepressant and alleviate suicidal ideation. However, its mechanism of action is unclear. In this study, we applied regional homogeneity (ReHo) and dynamic functional connectivity (DFC) analyses to investigate the temporal similarity of signal fluctuations and dynamic properties of functional connectivity in 26 MDD patients. ReHo analysis revealed alterations of synchronicity of neuronal oscillations after treatment in the default mode network, subcutaneous nucleus network, frontoparietal network, etc. DFC analysis showed that there were two different states of connectivity. In addition, SAINT also induced increased number of state transitions and enhanced DFC variability in the default mode network, subcutaneous nucleus network, frontoparietal network, etc. Furthermore, correlation analysis revealed a significant negative correlation between DFC variability and baseline scale scores. Finally, we built a machine learning model to predict treatment efficacy based on baseline characteristics and demonstrated that neural activity and brain functional connectivity features at baseline effectively predicted outcomes following SAINT treatment. These findings enhance our understanding of the neurological changes in MDD patients undergoing SAINT, offering potential imaging markers for predicting rTMS treatment efficacy.",2025,10.1038/s41398-025-03732-6,41402288,api:europe_pmc,[],https://doi.org/10.1038/s41398-025-03732-6,provider=europe_pmc; provider_id=41402288; journal=,,2025,,"['Zhai W', 'Wang J', 'Liu J', 'Liu Y', 'Tang N', 'Chen L', 'Lu H', 'Li B.']",0,europe_pmc,0.0,,,,,True,europe_pmc,41402288,,,,,,,Global signal power in thalamus-DMN FC studies of insomnia,,,,,,
api_paper_1dfc640ebb17,The role of transcutaneous auricular vagus nerve stimulation in chronic pain: from neurobiological mechanisms to clinical applications.,"Chronic pain is a prevalent health issue with high disability rates, and traditional pharmacological treatments often come with limitations such as dependency and side effects. Transcutaneous auricular vagus nerve stimulation (taVNS), as an emerging non-invasive neuromodulation technique, has demonstrated broad application prospects in chronic pain management in recent years. This systematic review examines the clinical efficacy of taVNS across multiple chronic pain conditions, including neuropathic pain, autoimmune disease-related pain, gastrointestinal pain, and musculoskeletal pain. It also delves into its neurobiological mechanisms, primarily involving activation of central descending pain control pathways, modulation of cholinergic anti-inflammatory pathways, balancing autonomic nervous system function, reshaping functional connectivity in brain networks, regulating neurotransmitter and neuropeptide balance, and inhibiting peripheral and central sensitization processes. Despite ongoing challenges in parameter standardization, in-depth mechanism elucidation, and personalized treatment strategies, taVNS offers an innovative therapeutic approach for chronic pain patients due to its favorable safety profile, tolerability, and multi-target regulatory advantages. Future large-scale clinical studies and multidisciplinary collaboration are needed to further advance the precision application of taVNS within comprehensive pain management systems.",2026,10.3389/fpain.2026.1733445,41694119,api:europe_pmc,[],https://doi.org/10.3389/fpain.2026.1733445,provider=europe_pmc; provider_id=41694119; journal=,,2026,,"['Zhang J', 'Zhang Y', 'Zhao J', 'Sun J', 'Zhang X.']",0,europe_pmc,0.0,,,,,True,europe_pmc,41694119,,,,,,,Global signal power in thalamus-DMN FC studies of insomnia,,,,,,
api_paper_66a2d5b64106,Effects of the herbal prescription Kami Guibi-tang on brain function in amnestic mild cognitive impairment: a task-based and resting-state fMRI study,,2026,,,api:europe_pmc,[],https://www.ncbi.nlm.nih.gov/pmc/articles/PMC13006464/?tool=EBI,provider=europe_pmc; provider_id=PMC13006464; journal=,,2026,,"['Kim D', 'Kim N', 'Kwak M', 'Heo K', 'Lee H', 'Kwon S', 'Cho S', 'Park S', 'Jung W', 'Moon S', 'Ko C', 'Kim H', 'Jahng G', 'Park J.']",0,europe_pmc,0.0,,,,,True,europe_pmc,PMC13006464,,,,,,,Global signal power in thalamus-DMN FC studies of insomnia,,,,,,
api_paper_5de154b1b6de,Neurobiological mechanisms of acupuncture for post-ischemic stroke comorbid insomnia and cognitive impairment: a narrative review.,"This narrative review systematically synthesizes recent clinical and pre-clinical evidence to elucidate the latest neurobiological mechanisms underlying acupuncture for post-stroke insomnia combined with cognitive impairment (PS-ICI). PS-ICI is characterized pathologically by a hippocampal-prefrontal circuitry-mediate ""sleep-cognition vicious cycle"" and clinically by concurrent cognitive decline and sleep-architecture disruption, both of which markedly impede post-stroke neurological recovery. Grounded in the Traditional Chinese Medicine (TCM) principle of ""regulating Shen and re-animating the brain, ""acupuncture exerts bidirectional modulation on cognition and sleep, significantly improving core functional outcomes and activities of daily living. Up-to-date studies confirm that synergistic, multi-dimensional effects are achieved through regulation of the BDNF-TrkB-PI3K/Akt signaling axis, preservation of neurovascular unit integrity, restoration of gut-brain axis homeostasis, normalization of circadian immune rhythms, and reshaping of default-mode network (DMN) plasticity. Given the high heterogeneity of included studies, a qualitative integrative approach was employed. Current evidence is nevertheless limited by small sample sizes, short follow-up durations, and substantial heterogeneity in acupuncture parameters (frequency and point selection); future work must therefore focus on dissecting inter-pathway interactions, standardizing therapeutic protocols, and integrating multi-omic technologies to propel acupuncture toward precision, evidence-based management of PS-ICI.",2026,10.3389/fneur.2026.1696958,41835071,"api:europe_pmc,openalex",[],https://doi.org/10.3389/fneur.2026.1696958,provider=europe_pmc; provider_id=41835071; journal=Frontiers in Neurology,Frontiers in Neurology,2026,,"['Yin H', 'Liu M', 'Shi C', 'Liu J', 'Sun X', 'Ye X.']",1,europe_pmc,1.0,,,,,True,europe_pmc,41835071,,,,,,,Global signal power in thalamus-DMN FC studies of insomnia,,,,,,
api_paper_705f5b598e21,Characteristics of locus coeruleus functional connectivity network in patients with comorbid migraine and insomnia.,"<h4>Background</h4>Migraine and insomnia are prevalent conditions that often co-occur, each exacerbating the other and substantially impacting the quality of life. The locus coeruleus (LC), a brainstem region responsible for norepinephrine synthesis, participates in pain modulation, sleep/wake cycles, and emotional regulation, rendering it a potential nexus in the comorbidity of migraine and insomnia. Disruptions in the LC-noradrenergic system have been hypothesized to contribute to the comorbidities of migraine and insomnia, although neuroimaging evidence in humans remains scarce. In this study, we aimed to investigate the intrinsic functional connectivity (FC) network of the LC in patients with comorbid migraine and subjective chronic insomnia and patients with migraine with no insomnia (MnI) using resting-state functional magnetic resonance imaging (rs-fMRI) and seed-based FC analyses.<h4>Methods</h4>In this cross-sectional study, 30 patients with comorbid migraine and chronic insomnia (MI), 30 patients with MnI, and 30 healthy controls (HCs) were enrolled. Participants underwent neuropsychological testing and rs-fMRI. The LC-FC network was constructed using seed-based voxel-wise FC analysis. To identify group differences in LC-FC networks, voxel-wise covariance analysis was conducted with sex and age as covariates. Subsequently, a partial correlation analysis was conducted to probe the clinical relevance of aberrant LC-FC in patients with MI and MnI.<h4>Results</h4>Except for the insomnia score, no other significant difference was detected in demographic characteristics and behavioral performance between the MI and MnI groups. Compared with HCs, patients with MI exhibited altered LC-FC in several brain regions, including the dorsomedial prefrontal cortex (DMPFC), anterior cerebellum, dorsolateral prefrontal cortex (DLPFC), thalamus, and parahippocampal gyrus (PHG). Lower FC between the LC and DLPFC was associated with greater insomnia severity, whereas higher FC between the LC and DMPFC was linked to longer migraine attack duration in the MI group.<h4>Conclusion</h4>Our findings reveal the presence of aberrant LC-FC networks in patients with MI, providing neuroimaging evidence of the interplay between these conditions. The identified LC-FC alterations may serve as potential targets for therapeutic interventions and highlight the importance of considering the LC-noradrenergic system in the management of MI.",2024,10.1186/s10194-024-01877-1,39333887,"api:europe_pmc,openalex",[],https://doi.org/10.1186/s10194-024-01877-1,provider=europe_pmc; provider_id=39333887; journal=The Journal of Headache and Pain,The Journal of Headache and Pain,2024,,"['Wang C', 'Chen S', 'Cheng Z', 'Xia S', 'Fei CJ', 'Ye L', 'Gong L', 'Xi C', 'Wang Y.']",8,europe_pmc,2.667,,,,,True,europe_pmc,39333887,,,,,,,Global signal power in thalamus-DMN FC studies of insomnia,,,,,,
api_paper_31b5aee0edba,Globus pallidus externus correlates with arousal in disorders of consciousness: a resting-state functional MRI study.,"<h4>Introduction</h4>The ""Mesocircuit"" model explains consciousness loss and recovery following severe brain injury as disconnection of cortical-subcortical circuits. Excessive inhibition of prefrontal cortex/thalamus by internal globus pallidus (GPi) is proposed as key to disorders of consciousness (DoC). However, recent research found external globus pallidus (GPe) crucial for arousal in DoC patients.<h4>Methods</h4>To investigate the relationship between GPe and arousal, this study enrolled 50 patients with DoC who were admitted to the Department of Neurosurgery, Shaanxi Provincial People's Hospital, from November 2022 to November 2024. Patients were stratified into coma, UWS and MCS groups based on behavioral assessments (GCS/CRS-R) and underwent resting-state functional MRI (rs-fMRI). Whole-brain functional connectivity (FC) was analyzed with GPe as seed regions. Comparison and correlation analysis of FC strength between GPe and brain regions of subjects in two groups, with relation to arousal, were conducted.<h4>Results</h4>In the FC analysis, Coma group showed weakened FC between GPe and left middle frontal gyrus, middle temporal gyrus, superior frontal gyrus, precuneus, and right precentral gyrus. Coma group demonstrated enhanced FC between GPe and thalamus: Central lateral (left CL and right CL). Correlation analysis revealed these abnormally weakened FC positively correlated with patients' arousal state, among which GPe-left superior frontal gyrus FC (rs = 0.61, <i>P</i> < 0.001) and GPe-left CL FC (rs = 0.86, <i>P</i> < 0.001) showed strongest correlation with arousal.<h4>Conclusion</h4>Our findings provide neuroimaging evidence of disrupted functional connectivity between GPe and distributed cortical regions, including the left middle frontal gyrus, middle temporal gyrus, superior frontal gyrus, precuneus, CL, and right precentral gyrus, CL. These connectivity abnormalities spanning executive control, default mode, and primary motor networks suggest their coordinated role in consciousness impairment. Notably, arousal levels positively correlated with FC between GPe and cortical regions, specifically the left superior frontal gyrus, while negatively correlating with FC between GPe and CL. This suggests that altered GPe-cortical and GPe-thalamic FC may underlie the neural substrate for arousal regulation in patients with DoC.",2025,10.3389/fnins.2025.1612271,40880850,api:europe_pmc,[],https://doi.org/10.3389/fnins.2025.1612271,provider=europe_pmc; provider_id=40880850; journal=,,2025,,"['Qin X', 'Li Y', 'Bai K', 'Miao J', 'Yanghao X', 'Cui J', 'Zhang X', 'Miao X.']",1,europe_pmc,0.5,,,,,True,europe_pmc,40880850,,,,,,,Global signal power in thalamus-DMN FC studies of insomnia,,,,,,
api_paper_634ab63079e7,Transcutaneous Auricular Vagus Nerve Stimulation Modulating the Brain Topological Architecture of Functional Network in Major Depressive Disorder: An fMRI Study.,"<h4>Background</h4>Transcutaneous auricular vagus nerve stimulation (taVNS) is effective in regulating mood and high-level cognition in patients with major depressive disorder (MDD). This study aimed to investigate the efficacy of taVNS treatment in patients with MDD and an altered brain topological organization of functional networks.<h4>Methods</h4>Nineteen patients with MDD were enrolled in this study. Patients with MDD underwent 4 weeks of taVNS treatments; resting-state functional magnetic resonance imaging (rs-fMRI) data of the patients were collected before and after taVNS treatment. The graph theory method and network-based statistics (NBS) analysis were used to detect abnormal topological organizations of functional networks in patients with MDD before and after taVNS treatment. A correlation analysis was performed to characterize the relationship between altered network properties and neuropsychological scores.<h4>Results</h4>After 4 weeks of taVNS treatment, patients with MDD had increased global efficiency and decreased characteristic path length (Lp). Additionally, patients with MDD exhibited increased nodal efficiency (NE) and degree centrality (DC) in the left angular gyrus. NBS results showed that patients with MDD exhibited reduced connectivity between default mode network (DMN)-frontoparietal network (FPN), DMN-cingulo-opercular network (CON), and FPN-CON. Furthermore, changes in Lp and DC were correlated with changes in Hamilton depression scores.<h4>Conclusions</h4>These findings demonstrated that taVNS may be an effective method for reducing the severity of depressive symptoms in patients with MDD, mainly through modulating the brain's topological organization. Our study may offer insights into the underlying neural mechanism of taVNS treatment in patients with MDD.",2024,10.3390/brainsci14090945,39335439,"api:europe_pmc,openalex",[],https://doi.org/10.3390/brainsci14090945,provider=europe_pmc; provider_id=39335439; journal=Brain Sciences,Brain Sciences,2024,,"['Guo ZP', 'Liao D', 'Chen L', 'Wang C', 'Qu M', 'Lv XY', 'Fang JL', 'Liu CH.']",12,europe_pmc,4.0,,,,,True,europe_pmc,39335439,,,,,,,Global signal power in thalamus-DMN FC studies of insomnia,,,,,,
api_paper_517c7f145a01,"Reproducible, data-driven characterization of sleep based on brain dynamics and transitions from whole-night fMRI.","Understanding the function of sleep requires studying the dynamics of brain activity across whole-night sleep and their transitions. However, current gold standard polysomnography (PSG) has limited spatial resolution to track brain activity. Additionally, previous fMRI studies were too short to capture full sleep stages and their cycling. To study whole-brain dynamics and transitions across whole-night sleep, we used an unsupervised learning approach, the Hidden Markov model (HMM), on two-night, 16 hr fMRI recordings of 12 non-sleep-deprived participants who reached all PSG-based sleep stages. This method identified 21 recurring brain states and their transition probabilities, beyond PSG-defined sleep stages. The HMM trained on one night accurately predicted the other, demonstrating unprecedented reproducibility. We also found functionally relevant subdivisions within rapid eye movement (REM) and within non-REM 2 stages. This study provides new insights into brain dynamics and transitions during sleep, aiding our understanding of sleep disorders that impact sleep transitions.",2024,10.7554/elife.98739,39331523,api:europe_pmc,[],https://doi.org/10.7554/eLife.98739,provider=europe_pmc; provider_id=39331523; journal=,,2024,,"['Yang FN', 'Picchioni D', 'de Zwart JA', 'Wang Y', 'van Gelderen P', 'Duyn JH.']",6,europe_pmc,2.0,,,,,True,europe_pmc,39331523,,,,,,,Global signal power in thalamus-DMN FC studies of insomnia,,,,,,
api_paper_b4395eadc58f,Functional connectivity changes in meditators and novices during yoga nidra practice.,"Yoga nidra (YN) practice aims to induce a deeply relaxed state akin to sleep while maintaining heightened awareness. Despite the growing interest in its clinical applications, a comprehensive understanding of the underlying neural correlates of the practice of YN remains largely unexplored. In this fMRI investigation, we aim to discover the differences between wakeful resting states and states attained during YN practice. The study included individuals experienced in meditation and/or yogic practices, referred to as 'meditators' (n = 30), and novice controls (n = 31). The GLM analysis, based on audio instructions, demonstrated activation related to auditory cues without concurrent default mode network (DMN) deactivation. DMN seed based functional connectivity (FC) analysis revealed significant reductions in connectivity among meditators during YN as compared to controls. We did not find differences between the two groups during the pre and post resting state scans. Moreover, when DMN-FC was compared between the YN state and resting state, meditators showed distinct decoupling, whereas controls showed increased DMN-FC. Finally, participants exhibit a remarkable correlation between reduced DMN connectivity during YN and self-reported hours of cumulative meditation and yoga practice. Together, these results suggest a unique neural modulation of the DMN in meditators during YN which results in being restful yet aware, aligned with their subjective experience of the practice. The study deepens our understanding of the neural mechanisms of YN, revealing distinct DMN connectivity decoupling in meditators and its relationship with meditation and yoga experience. These findings have interdisciplinary implications for neuroscience, psychology, and yogic disciplines.",2024,10.1038/s41598-024-63765-7,38839877,"api:europe_pmc,openalex",[],https://doi.org/10.1038/s41598-024-63765-7,provider=europe_pmc; provider_id=38839877; journal=Scientific Reports,Scientific Reports,2024,,"['Fialoke S', 'Tripathi V', 'Thakral S', 'Dhawan A', 'Majahan V', 'Garg R.']",21,europe_pmc,7.0,,,,,True,europe_pmc,38839877,,,,,,,Global signal power in thalamus-DMN FC studies of insomnia,,,,,,
api_paper_64380a1e4193,"Acupuncture for cognitive functions in post-COVID-19 condition: study protocol of a three-armed, randomized controlled trial with multimodal MRI.","<h4>Background</h4>Post-COVID-19 condition (PCC), commonly called long COVID, is a prevalent sequela of SARS-CoV-2 infection and can affect multiple organ systems. Cognitive dysfunction is one of the most common symptoms in PCC, with a prevalence of 22%. It can persist for years and significantly reduce patients' quality of life. The brain network is the neural basis underlying human cognitive processes. Diffusion tensor imaging (DTI) and functional magnetic resonance imaging (fMRI) studies have revealed that cognitive impairments across attention, memory, executive function, and language are associated with alterations in network characteristics for PCC. Currently, there is no accepted therapy for cognitive impairment in PCC. Acupuncture has the potential to improve cognitive deficits in PCC. This trial aims to investigate the effect of acupuncture on cognitive functions in patients with PCC, and to explore the underlying mechanism of its effects on cognition in this condition using DTI and fMRI.<h4>Methods</h4>In this three-armed, randomized controlled trial, 117 PCC patients with cognitive symptoms will be randomly assigned in a 1:1:1 ratio to verum acupuncture (VA), sham acupuncture (SA), or a waitlist control group. Participants in the VA and SA groups will receive three sessions of treatment per week for 8 weeks. The primary outcome measures are the changes in Addenbrooke's Cognitive Examination-III (ACE-III) total score and phonemic fluency test score at week 8. The secondary outcome measures include the Digit Span Test (DST), Symbol Digit Modality Test (SDMT), Trail Making Test (TMT), Rey's Auditory Verbal Learning Test (RAVLT), Rey-Osterrieth Complex Figure Test (RCFT), Stroop Color Word Test (SCWT), category fluency test, action fluency test, and Boston Naming Test (BNT-30), as well as global and regional topological measures of structural and functional brain networks constructed from DTI and fMRI data. Additionally, the Fatigue Severity Scale (FSS), the Generalized Anxiety Disorder-7 (GAD-7), the 24-item Hamilton Depression Scale (HAMD-24), and the MOS 36-item Short Form Health Survey (SF-36) will also be measured.<h4>Discussion</h4>The results of this study will reveal the effect of acupuncture treatment on cognitive functions for PCC and provide insights into the mechanisms by which acupuncture may improve cognition in PCC.<h4>Clinical trial registration</h4>ClinicalTrials.gov (www.clinicaltrials.gov), identifier: NCT07355751.",2026,10.3389/fmed.2026.1796351,42136829,api:europe_pmc,[],https://doi.org/10.3389/fmed.2026.1796351,provider=europe_pmc; provider_id=42136829; journal=,,2026,,"['Luo T', 'Luo Y', 'Liu D', 'Jin H', 'An Y', 'Huang J', 'Luo K', 'Guo Y', 'Wang D', 'Huang L', 'Wu X.']",0,europe_pmc,0.0,,,,,True,europe_pmc,42136829,,,,,,,Global signal power in thalamus-DMN FC studies of insomnia,,,,,,
api_paper_0d8ef1c65c64,Hybrid PET/fMRI reveals interactive effects of T2DM and MCI on cerebral glucose metabolism and ALFF.,"<h4>Background</h4>Type 2 diabetes mellitus (T2DM) is frequently associated with mild cognitive impairment (MCI), significantly impacting patient health, quality of life, and healthcare systems. However, the precise cerebral metabolic and functional alterations resulting from the interaction between T2DM and MCI remain incompletely understood.<h4>Methods</h4>Fifty-four participants were categorized into four groups based on T2DM and MCI status. Hybrid positron emission tomography/functional magnetic resonance imaging (PET/fMRI) was used to assess cerebral glucose metabolism and the amplitude of low-frequency fluctuations (ALFF). A two-way analysis of variance evaluated the main and interactive effects of T2DM and MCI on these measures. Partial correlation analysis examined the associations between clinical variables and the observed metabolic/ALFF abnormalities.<h4>Results</h4>Alterations in cerebral glucose metabolism in T2DM-MCI patients were primarily attributable to T2DM, with significant effects observed in the frontal, occipital, and temporal lobes, as well as subcortical regions. Both main and interactive effects of T2DM and MCI on ALFF were significant. Notably, antagonistic interactions were identified in the right superior frontal gyrus (medial orbital part) and middle frontal gyrus, suggesting that T2DM suppresses spontaneous neural activity in these regions, whereas MCI enhances it. T2DM was the principal factor influencing both metabolic and ALFF changes in the right inferior frontal gyrus (pars orbitalis). Montreal cognitive assessment scores, fasting blood glucose, and 2-hour postprandial blood glucose levels significantly correlated with neural activity alterations in regions affected by the main or interactive effects.<h4>Conclusion</h4>This hybrid PET/fMRI study identifies frontal regions where aberrant metabolic and ALFF patterns are associated with T2DM-related cognitive decline, suggesting their potential as early neuroimaging biomarkers. These findings provide new mechanistic insights and highlight possible therapeutic targets for this comorbidity.",2026,10.3389/fendo.2026.1778600,41938118,api:europe_pmc,[],https://doi.org/10.3389/fendo.2026.1778600,provider=europe_pmc; provider_id=41938118; journal=,,2026,,"['Li Z', 'Liu J', 'Zhao C', 'Zou Z', 'Dai B', 'Li Z.']",0,europe_pmc,0.0,,,,,True,europe_pmc,41938118,,,,,,,Global signal power in thalamus-DMN FC studies of insomnia,,,,,,
api_paper_d8f2bef92473,Neurogenetics of Brain Connectivity: Current Approaches to the Study (Review).,"Owing to the advances of neuroimaging techniques, a number of functional brain networks associated both with specific functions and the state of relative inactivity has been distinguished. A sufficient bulk of information has been accumulated on changes in connectivity (links between brain regions) in psychopathologies, for example, depression, schizophrenia, autism. Their genetic markers are being actively investigated using a candidate-gene approach or a genome-wide association study. At the same time, there is not much data considering connectivity as an intermediate link in the genotype-pathology chain, although it seems to be a reliable endophenotype, since it demonstrates a high stability and high heritability. In the present review, we consider the results of investigations devoted to the search for biomarkers, molecular and genetic associations of functional, partially anatomical, and effective connectivity. The main approaches to the evaluation of connectivity neurogenetics have been described, as well as specific genetic variants, for which the association with brain connectivity in psychiatric pathologies has been detected.",2024,10.17691/stm2024.16.1.07,39421629,api:europe_pmc,[],http://www.stm-journal.ru/en/numbers/2024/1/1862/pdf,provider=europe_pmc; provider_id=39421629; journal=,,2024,,"['Proshina EA', 'Deynekina TS', 'Martynova OV.']",1,europe_pmc,0.333,,,,,True,europe_pmc,39421629,,,,,,,Global signal power in thalamus-DMN FC studies of insomnia,,,,,,
api_paper_e6532cb65d0d,Convergent abnormality in the subgenual anterior cingulate cortex in insomnia disorder: A revisited neuroimaging meta-analysis of 39 studies.,"The neurobiological underpinnings of insomnia disorder (ID) are still poorly understood. A previous meta-analysis conducted by our research group in 2018 revealed no consistent regional alterations based on the limited number of eligible studies. Given the number of studies published during the last few years, we revisited the meta-analysis to provide an update to the field. Following the best-practice guidelines for conducting neuroimaging meta-analyses, we searched several databases (PubMed, Web of Science, and BrainMap) and identified 39 eligible structural and functional studies, reporting coordinates reﬂecting significant group differences between ID patients and healthy controls. A significant convergent regional alteration in the subgenual anterior cingulate cortex (sgACC) was observed using the activation likelihood estimation algorithm. Behavioural decoding using the BrainMap database indicated that this region is involved in fear-related emotional and cognitive processing. The sgACC showed robust task-based co-activation in meta-analytic connectivity modelling and task-free functional connectivity in a resting-state functional connectivity analysis with the main hubs of the salience and default mode networks, including the posterior cingulate cortex and dorsal ACC, amygdala, hippocampus, and medial prefrontal cortex. Collectively, the findings from this large-scale meta-analysis suggest a critical role of the sgACC in the pathophysiology of ID.",2023,10.1016/j.smrv.2023.101821,37481961,"api:europe_pmc,openalex",[],https://doi.org/10.1016/j.smrv.2023.101821,provider=europe_pmc; provider_id=37481961; journal=Sleep Medicine Reviews,Sleep Medicine Reviews,2023,,"['Reimann GM', 'Küppers V', 'Camilleri JA', 'Hoffstaedter F', 'Langner R', 'Laird AR', 'Fox PT', 'Spiegelhalder K', 'Eickhoff SB', 'Tahmasian M.']",39,europe_pmc,9.75,,,,,False,europe_pmc,37481961,,,,,,,Global signal power in thalamus-DMN FC studies of insomnia,,,,,,
api_paper_6d432d496eb0,Neural Correlates of Huntington's Disease Based on Electroencephalography (EEG): A Mechanistic Review and Discussion of Excitation and Inhibition (E/I) Imbalance.,"<b>Introduction</b>: Huntington's disease (HD) disrupts cortico-striato-thalamocortical circuits decades before clinical onset. Electroencephalography (EEG) offers millisecond temporal resolution, low cost, and broad accessibility, yet its mechanistic and biomarker potential in HD remains underexplored. We conducted a mechanistic review to synthesize half a century of EEG findings, identify reproducible electrophysiological signatures, and outline translational next steps. <b>Methods</b>: Two independent reviewers searched PubMed, Scopus, Google Scholar, ResearchGate, and the Cochrane Library (January 1970-April 2025) using the terms ""EEG"" OR ""electroencephalography"" AND ""Huntington's disease"". Clinical trials published in English that reported raw EEG (not ERP-only) in human HD gene carriers were eligible. Abstract/title screening, full-text appraisal, and cross-reference mining yielded 22 studies (~700 HD recordings, ~600 controls). We extracted sample characteristics, acquisition protocols, spectral/connectivity metrics, and neuroclinical correlations. <b>Results</b>: Across diverse platforms, a consistent spectral trajectory emerged: (i) presymptomatic carriers show a focal 7-9 Hz (low-alpha) power loss that scales with CAG repeat length; (ii) early-manifest patients exhibit widespread alpha attenuation, delta-theta excess, and a flattened anterior-posterior gradient; (iii) advanced disease is characterized by global slow-wave dominance and low-voltage tracings. Source-resolved studies reveal early alpha hypocoherence and progressive delta/high-beta hypersynchrony, microstate shifts (A/B ↑, C/D ↓), and rising omega complexity. These electrophysiological changes correlate with motor burden, cognitive slowing, sleep fragmentation, and neurovascular uncoupling, and achieve 80-90% diagnostic accuracy in shallow machine-learning pipelines. <b>Conclusions</b>: EEG offers a coherent, stage-sensitive window on HD pathophysiology-from early thalamocortical disinhibition to late network fragmentation-and fulfills key biomarker criteria. Translation now depends on large, longitudinal, multi-center cohorts with harmonized high-density protocols, rigorous artifact control, and linkage to clinical milestones. Such infrastructure will enable the qualification of alpha-band restoration, delta-band hypersynchrony, and neurovascular coupling as pharmacodynamic readouts, fostering precision monitoring and network-targeted therapy in Huntington's disease.",2025,10.3390/jcm14145010,40725699,api:europe_pmc,[],https://doi.org/10.3390/jcm14145010,provider=europe_pmc; provider_id=40725699; journal=,,2025,,"['Chmiel J', 'Nadobnik J', 'Smerdel S', 'Niedzielska M.']",4,europe_pmc,2.0,,,,,True,europe_pmc,40725699,,,,,,,Global signal power in thalamus-DMN FC studies of insomnia,,,,,,
api_paper_8904075592ee,Functional Connectivity Disturbances of the Locus Coeruleus in Chronic Insomnia Disorder.,"<h4>Introduction</h4>In recent years, people have gained a profound understanding of chronic insomnia disorder (CID), but the pathophysiological mechanism of CID is still unclear. There is some evidence that the locus coeruleus (LC) is involved in the regulation of wakefulness in CID, but there have been few studies using brain functional imaging. The purpose of this study was to evaluate the resting-state functional connectivity (FC) between the LC and other brain voxels in CID and whether these abnormal FC are involved in the regulation of wakefulness.<h4>Methods</h4>A total of 49 patients with chronic insomnia disorder and 47 healthy controls (HC) matched for gender, age, and education were examined with rs-fMRI in this study. The LC was selected as the region of interest, and then seed-based analysis was conducted on the LC and other voxels to obtain the brain regions with abnormal FC. The correlation between the FC value of the abnormal connection area and the clinical scale score was analyzed.<h4>Results</h4>Compared with the HC, the FC between the LC and right precuneus, right posterior cingulate cortex, left middle temporal gyrus, left calcarine, and right superior orbitofrontal cortex was significantly enhanced (p < 0.05, FDR correction), and the functional connectivity signal value between the locus coeruleus and left middle temporal gyrus was positively correlated with the Self-Rating Depression Scale (p = 0.021).<h4>Conclusion</h4>The abnormal FC between the LC and multiple brain regions may contribute to a better understanding of the neurobiological mechanism of CID.",2022,10.2147/nss.s366234,35942365,"api:europe_pmc,openalex",[],https://www.dovepress.com/getfile.php?fileID=82603,provider=europe_pmc; provider_id=35942365; journal=Nature and Science of Sleep,Nature and Science of Sleep,2022,,"['Li C', 'Liu Y', 'Yang N', 'Lan Z', 'Huang S', 'Wu Y', 'Ma X', 'Jiang G.']",20,europe_pmc,4.0,,,,,True,europe_pmc,35942365,,,,,,,Global signal power in thalamus-DMN FC studies of insomnia,,,,,,
api_paper_447d50cc80c0,Clinical utility and prospective of TMS-EEG: Updated review from an international expert group.,"Transcranial magnetic stimulation (TMS) is a non-invasive technique to stimulate the brain, while electroencephalography (EEG) is a non-invasive technique to record its electrical activity. Their combined use (TMS-EEG) has been established only relatively recently, after successful development of TMS-compatible EEG amplifiers. TMS-EEG offers the unparalleled opportunity to directly perturb the brain with TMS and simultaneously record its response with EEG. This allows inferences on causal input-output relationships, therefore going critically beyond purely observational techniques, such as resting-state EEG or functional MRI, in the study of brain dynamics. This consensus review updates the work of Tremblay and coworkers [Clin Neurophysiol 2019; 130: 802-844]. Since then, substantial advances have been made in understanding contamination of TMS-EEG signals by physiological and non-physiological artifacts, as well as in developing strategies to avoid or control them. In parallel, new insights have emerged regarding the physiological mechanisms underlying TMS-EEG responses and their diagnostic and prognostic utility in a broad range of psychiatric and neurological disorders. As such, TMS-EEG is rapidly shaping a dynamic new field in clinical neurophysiology and neuroscience. This review provides a critical and comprehensive synthesis of current knowledge, including practical guidance for implementing TMS-EEG in the clinical setting.",2026,10.1016/j.clinph.2025.2111487,41688232,api:europe_pmc,[],https://doi.org/10.1016/j.clinph.2025.2111487,provider=europe_pmc; provider_id=41688232; journal=,,2026,,"['Ziemann U', 'Bai Y', 'Baumer FM', 'Beck MM', 'Belardinelli P', 'Belvisi D', 'Bender S', 'Bergmann TO', 'Bortoletto M', 'Casarotto S', 'Casula E', 'Chaves AR', 'de Andrade DC', 'Conte A', 'Daskalakis ZJ', 'Farzan F', 'Ferrarelli F', 'Fitzgerald PB', 'Gordon PC', 'Grefkes C', 'Harquel S', 'Hernandez-Pavon JC', 'Hill AT', 'Hoy KE', 'Hummel FC', 'Julkunen P', 'Kallioniemi E', 'Keller CJ', 'Kimiskidis VK', 'Kirkovski M', 'Koch G', 'Leodori G', 'Lioumis P', 'Määttä S', 'Maidan I', 'Massimini M', 'Mengel A', 'Metsomaa J', 'Miniussi C', 'Mutanen TP', 'Noda Y', 'Ozdemir RA', 'Raffin E', 'Rocchi L', 'Rogasch NC', 'Rosanova M', 'Santarnecchi E', 'Sarasso S', 'Schabrun SM', 'Shafi MM', 'Siebner HR', 'Tolner EA', 'Tomasevic L', 'Tremblay S', 'Tscherpel C', 'Veniero D', 'Versace V', 'Voineskos D', 'Vucic S', 'Zangen A', 'Zrenner C', 'Ilmoniemi RJ.']",11,europe_pmc,11.0,,,,,True,europe_pmc,41688232,,,,,,,Global signal power in thalamus-DMN FC studies of insomnia,,,,,,
api_paper_200123a0a922,Regional brain dysfunction in insomnia after ischemic stroke: A resting-state fMRI study.,"<h4>Objective</h4>This study aimed to explore the abnormality of local brain function in patients with post-stroke insomnia (PSI) based on fMRI and explore the possible neuropathological mechanisms of insomnia in patients with PSI in combination with the Pittsburgh sleep quality index (PSQI) score and provide an objective evaluation index for the follow-up study of acupuncture treatment of PSI.<h4>Methods</h4>A total of 27 patients with insomnia after stroke were enrolled, and the PSQI was used to evaluate their sleep status. Twenty-seven healthy participants who underwent physical examinations during the same period were selected as controls. Resting-state brain function images and structural images of the two groups of participants were collected, and the abnormal changes in the regional brain function in patients with PSI were analyzed using three methods: regional homogeneity (ReHo), the amplitude of low-frequency fluctuations (ALFF) and fractional ALFF (fALFF), and a correlation analysis with the PSQI scale score.<h4>Results</h4>Compared with the HCs, the ReHo values of the PSI group in the bilateral lingual gyrus, right cuneus, right precentral and postcentral gyri were significantly lower, and the ReHo values of the left supramarginal gyrus were significantly higher. In the PSI group, the ALFF values in the bilateral lingual gyrus were significantly decreased, whereas those in the bilateral middle temporal gyrus, right inferior temporal gyrus, right inferior frontal gyrus, right limbic lobe, right precuneus, left posterior cingulate gyrus, and left middle occipital gyrus were significantly increased. Compared with HCs, the fALFF values of the bilateral lingual gyrus, bilateral inferior occipital gyrus, and bilateral cuneus in the PSI group were significantly higher. The ReHo value of the left supramarginal gyrus in the PSI group was significantly negatively correlated with the total PSQI score.<h4>Conclusion</h4>Patients with PSI have abnormal local activities in multiple brain regions, including the visual processing-related cortex, sensorimotor cortex, and some default-mode network (DMN) regions. Over-arousal of the DMN and over-sensitivity of the audiovisual stimuli in patients with PSI may be the main mechanisms of insomnia and can lead to a decline in cognitive function and abnormalities in emotion regulation simultaneously.",2022,10.3389/fneur.2022.1025174,36504641,"api:europe_pmc,openalex",[],https://doi.org/10.3389/fneur.2022.1025174,provider=europe_pmc; provider_id=36504641; journal=Frontiers in Neurology,Frontiers in Neurology,2022,,"['Wang H', 'Huang Y', 'Li M', 'Yang H', 'An J', 'Leng X', 'Xu D', 'Qiu S.']",34,europe_pmc,6.8,,,,,True,europe_pmc,36504641,,,,,,,Global signal power in thalamus-DMN FC studies of insomnia,,,,,,
api_paper_14f91484a852,Covariance patterns between sleep health domains and distributed intrinsic functional connectivity.,"Sleep health is both conceptually and operationally a composite concept containing multiple domains of sleep. In line with this, high dependence and interaction across different domains of sleep health encourage a transition in sleep health research from categorical to dimensional approaches that integrate neuroscience and sleep health. Here, we seek to identify the covariance patterns between multiple sleep health domains and distributed intrinsic functional connectivity by applying a multivariate approach (partial least squares). This multivariate analysis reveals a composite sleep health dimension co-varying with connectivity patterns involving the attentional and thalamic networks and which appear relevant at the neuromolecular level. These findings are further replicated and generalized to several unseen independent datasets. Critically, the identified sleep-health related connectome shows diagnostic potential for insomnia disorder. These results together delineate a potential brain connectome biomarker for sleep health with high potential for clinical translation.",2023,10.1038/s41467-023-42945-5,37932259,api:europe_pmc,[],https://www.nature.com/articles/s41467-023-42945-5.pdf,provider=europe_pmc; provider_id=37932259; journal=,,2023,,"['Wang Y', 'Genon S', 'Dong D', 'Zhou F', 'Li C', 'Yu D', 'Yuan K', 'He Q', 'Qiu J', 'Feng T', 'Chen H', 'Lei X.']",31,europe_pmc,7.75,,,,,True,europe_pmc,37932259,,,,,,,Global signal power in thalamus-DMN FC studies of insomnia,,,,,,
api_paper_d9b5f224c2d6,Functional Connectivity Density in the Sensorimotor Area is Associated with Sleep Latency in Patients with Primary Insomnia.,"<h4>Objective</h4>It is unclear whether the patterns of functional connectivity density (FCD) differ between patients with primary insomnia (PI) and healthy subjects. In the present study, we investigated the features of FCD in patients with PI using resting-state functional MRI (rsfMRI).<h4>Methods</h4>rsfMRI datasets of 32 patients with PI and 34 healthy controls (HCs) were obtained using a 3-Tesla scanner. FCD analysis was performed to compare voxels with abnormal whole-brain functional connectivity with other voxels among patients with PI and HCs. Abnormal brain regions were then used as seed points for FC analysis.<h4>Results</h4>Compared with HCs, patients with PI exhibited significantly decreased FCD in the left medial frontal gyrus and increased FCD in the left supplementary motor area (SMA). With the left medial frontal gyrus as the seed point, patients with PI showed decreased FC between the left medial frontal gyrus and the left fusiform gyrus compared with HCs. With the left SMA as the seed point, patients with PI exhibited increased FC between the left SMA and the right anterior cingulate gyrus. Correlation analysis revealed that the increased FCD values in the left SMA were positively correlated with sleep latency in patients with PI.<h4>Conclusion</h4>Default-mode network and SMA dysfunctions may be related to the pathophysiology of PI.",2022,10.2147/ndt.s338489,35035217,"api:europe_pmc,openalex",[],https://www.dovepress.com/getfile.php?fileID=77305,provider=europe_pmc; provider_id=35035217; journal=Neuropsychiatric Disease and Treatment,Neuropsychiatric Disease and Treatment,2022,,"['Ji B', 'Dai M', 'Guo Z', 'Li J', 'Cao Y', 'Zhang Z', 'Zhang Y', 'Liu X.']",12,europe_pmc,2.4,,,,,True,europe_pmc,35035217,,,,,,,Global signal power in thalamus-DMN FC studies of insomnia,,,,,,
api_paper_12f782d5bc53,"Acupoint massage: a comprehensive descriptive review of its forms, applications, and underlying mechanisms.","Acupoint massage is a non-invasive traditional therapy that has demonstrated reliable clinical outcomes in pain management, mental health relief, sleep disorder regulation, gastrointestinal treatment, and as an adjunct therapy for cancer. Its convenience and cost-effectiveness further enhance its appeal. However, the existing English literature lacks a systematic review that encompasses the various forms of acupoint massage. The acupoint massage forms adaptability is particularly notable when considering the diverse conditions, it addresses, as well as its applicability across different age groups and gender differences. Providing a comprehensive understanding, it is crucial to outline common practices and explore specific applications in key areas. The comprehensive understanding can create opportunities for effective collaboration between preclinical and clinical studies. Defining and categorizing different forms of acupoint massage is essential, alongside investigating the neural circuits involved in touch sensation. Future efforts should enhance collaboration with modern biology, facilitating the transition from empirical to evidence-based practice. This review summarizes forms, applications, and mechanisms of mainstream acupoint massage and provides insights for future research and applications, promoting deeper integration into healthcare.",2025,10.1186/s13020-025-01105-1,40270014,api:europe_pmc,[],https://doi.org/10.1186/s13020-025-01105-1,provider=europe_pmc; provider_id=40270014; journal=,,2025,,"['Yao C', 'Zeng X', 'Zhang S', 'Xiao B', 'Sun P', 'Kong L', 'Tao J', 'Fang M.']",9,europe_pmc,4.5,,,,,True,europe_pmc,40270014,,,,,,,Global signal power in thalamus-DMN FC studies of insomnia,,,,,,
api_paper_86bdc76e667f,Functional connectivity and metabolic brain alterations in sleepwalkers.,"<h4>Objective</h4>Disorders of arousal (DoA) are characterized by an intermediate state between wakefulness and deep sleep, leading to incomplete awakenings from NREM sleep. Multimodal studies have shown subtle neurophysiologic alterations even during wakefulness in DoA. The aim of this study was to explore the brain functional connectivity in DoA and the metabolic profile of the anterior and posterior cingulate cortex, given its pivotal role in cognitive and emotional processing.<h4>Methods</h4>Fifteen consecutive patients with DoA (9 males, mean age 26.3 ± 7.7) and 15 age- and sex-matched healthy controls (8 males, mean age 25.8 ± 3.6) were enrolled. All participants underwent a protocol including sleep and psychological evaluation scales and multimodal brain MRI with resting-state functional MRI and 1H-MR spectroscopy.<h4>Results</h4>The independent component analysis disclosed an altered resting-state functional connectivity (FC) in the patients' sensory motor network, with a higher connectivity strength in opercular cortex, precuneus, occipital pole, and lingual gyrus. The seed-based analysis revealed a decreased FC between posterior cingulate cortex (PCC) and several cerebral areas. Finally, spectroscopic imaging revealed a reduced content of glutamine in the PCC (p < 0.001).<h4>Interpretation</h4>The increased connectivity in the sensory-motor network of DoA patients could constitute a ""facilitatory medium"" enhancing motor circuit activation, while the connectivity and metabolic alterations of PCC might represent a trait functional feature, contributing to a dysfunctional arousal process and the difficulty to reach a complete awareness during DoA episodes. In addition, these alterations at rest might be related to daytime impairment reported by patients, requiring new strategies for DoA management.",2025,10.1111/ene.70008,39868836,api:europe_pmc,[],https://doi.org/10.1111/ene.70008,provider=europe_pmc; provider_id=39868836; journal=,,2025,,"['Mainieri G', 'Rochat MJ', 'Cantoni E', 'Sighinolfi G', 'Mitolo M', 'Loddo G', 'Mignani F', 'Mondini S', 'Lodi R', 'Provini F', 'Tonon C.']",2,europe_pmc,1.0,,,,,True,europe_pmc,39868836,,,,,,,Global signal power in thalamus-DMN FC studies of insomnia,,,,,,
api_paper_7a8516b30518,Transcutaneous Auricular Vagus Nerve Stimulation Modulates the Prefrontal Cortex in Chronic Insomnia Patients: fMRI Study in the First Session.,"<h4>Objectives</h4>Transcutaneous auricular vagus nerve stimulation (taVNS) has been reported to be effective for chronic insomnia (CI). However, the appropriate population for taVNS to treat insomnia is unclear.<h4>Methods</h4>Total twenty-four patients with CI and eighteen health controls (HC) were recruited. Rest-state functional magnetic resonance imaging (Rs-fMRI) was performed before and after 30 min' taVNS at baseline. The activated and deactivated brain regions were revealed by different voxel-based analyses, then the seed-voxel functional connectivity analysis was calculated. In the CI group, 30 min of taVNS were applied twice daily for 4 weeks. Pittsburgh Sleep Quality Index (PSQI) and Flinders Fatigue Scale (FFS) were also assessed before and after 4 weeks of treatment in the CI group. The HC group did not receive any treatment. The correlations were estimated between the clinical scales' score and the brain changes.<h4>Results</h4>The scores of PSQI (<i>p</i> < 0.01) and FFS (<i>p</i> < 0.05) decreased after 4 weeks in the CI group. Compared to the HC group, the first taVNS session up-regulated left dorsolateral prefrontal cortex (dlPFC) and decreased the functional connectivity (FCs) between dlPFC and bilateral medial prefrontal cortex in the CI group. The CI groups' baseline voxel wised fMRI value in the dlPFC were negatively correlated to the PSQI and the FFS score after 4 weeks treatment.<h4>Conclusions</h4>It manifests that taVNS has a modulatory effect on the prefrontal cortex in patients with CI. The initial state of dlPFC may predict the efficacy for taVNS on CI.",2022,10.3389/fneur.2022.827749,35401422,"api:europe_pmc,openalex",[],https://doi.org/10.3389/fneur.2022.827749,provider=europe_pmc; provider_id=35401422; journal=Frontiers in Neurology,Frontiers in Neurology,2022,,"['He JK', 'Jia BH', 'Wang Y', 'Li SY', 'Zhao B', 'Zhou ZG', 'Bi YZ', 'Wu MZ', 'Li L', 'Zhang JL', 'Fang JL', 'Rong PJ.']",41,europe_pmc,8.2,,,,,True,europe_pmc,35401422,,,,,,,Global signal power in thalamus-DMN FC studies of insomnia,,,,,,
api_paper_edcc24821608,Reduced homotopic interhemispheric connectivity in psychiatric disorders: evidence for both transdiagnostic and disorder specific features.,"There is considerable interest in the significance of structural and functional connections between the two brain hemispheres in terms of both normal function and in relation to psychiatric disorders. In recent years, many studies have used voxel mirrored homotopic connectivity analysis of resting state data to investigate the importance of connectivity between homotopic regions in the brain hemispheres in a range of neuropsychiatric disorders. The current review summarizes findings from these voxel mirrored homotopic connectivity studies in individuals with autism spectrum disorder, addiction, attention deficit hyperactivity disorder, anxiety and depression disorders, and schizophrenia, as well as disorders such as Alzheimer's disease, mild cognitive impairment, epilepsy, and insomnia. Overall, other than attention deficit hyperactivity disorder, studies across psychiatric disorders report decreased homotopic resting state functional connectivity in the default mode, attention, salience, sensorimotor, social cognition, visual recognition, primary visual processing, and reward networks, which are often associated with symptom severity and/or illness onset/duration. Decreased homotopic resting state functional connectivity may therefore represent a transdiagnostic marker for general psychopathology. In terms of disorder specificity, the extensive decreases in homotopic resting state functional connectivity in autism differ markedly from attention deficit hyperactivity disorder, despite both occurring during early childhood and showing extensive co-morbidity. A pattern of more posterior than anterior regions showing reductions in schizophrenia is also distinctive. Going forward, more studies are needed to elucidate the functions of these homotopic functional connections in both health and disorder and focusing on associations with general psychopathology, and not only on disorder specific symptoms.",2022,10.1093/psyrad/kkac016,38665271,api:europe_pmc,[],https://doi.org/10.1093/psyrad/kkac016,provider=europe_pmc; provider_id=38665271; journal=,,2022,,"['Yao S', 'Kendrick KM.']",8,europe_pmc,1.6,,,,,True,europe_pmc,38665271,,,,,,,Global signal power in thalamus-DMN FC studies of insomnia,,,,,,
api_paper_169f467f5c75,Improved Regional Homogeneity in Chronic Insomnia Disorder After Amygdala-Based Real-Time fMRI Neurofeedback Training.,"<h4>Background</h4>Chronic insomnia disorder (CID) is a highly prevalent sleep disorder, which influences people's daily life and is even life threatening. However, whether the resting-state regional homogeneity (ReHo) of disrupted brain regions in CID can be reshaped to normal after treatment remains unclear.<h4>Methods</h4>A novel intervention real-time functional magnetic resonance imaging neurofeedback (rtfMRI-NF) was used to train 28 CID patients to regulate the activity of the left amygdala for three sessions in 6 weeks. The ReHo methodology was adopted to explore its role on resting-state fMRI data, which were collected before and after training. Moreover, the relationships between changes of clinical variables and ReHo value of altered regions were determined.<h4>Results</h4>Results showed that the bilateral dorsal medial pre-frontal cortex, supplementary motor area (SMA), and left dorsal lateral pre-frontal cortex had decreased ReHo values, whereas the bilateral cerebellum anterior lobe (CAL) had increased ReHo values after training. Some clinical scores markedly decreased, including Pittsburgh Sleep Quality Index, Insomnia Severity Index, Beck Depression Inventory, and Hamilton Anxiety Scale (HAMA). Additionally, the ReHo values of the left CAL were positively correlated with the change in the Hamilton depression scale score, and a remarkable positive correlation was found between the ReHo values of the right SMA and the HAMA score.<h4>Conclusion</h4>Our study provided an objective evidence that amygdala-based rtfMRI-NF training could reshape abnormal ReHo and improve sleep in patients with CID. The improved ReHo in CID provides insights into the neurobiological mechanism for the effectiveness of this intervention. However, larger double-blinded sham-controlled trials are needed to confirm our results from this initial study.",2022,10.3389/fpsyt.2022.863056,35845454,api:europe_pmc,[],https://www.frontiersin.org/articles/10.3389/fpsyt.2022.863056/pdf,provider=europe_pmc; provider_id=35845454; journal=,,2022,,"['Li Z', 'Liu J', 'Chen B', 'Wu X', 'Zou Z', 'Gao H', 'Wang C', 'Zhou J', 'Qi F', 'Zhang M', 'He J', 'Qi X', 'Yan F', 'Dou S', 'Tong L', 'Zhang H', 'Han X', 'Li Y.']",3,europe_pmc,0.6,,,,,True,europe_pmc,35845454,,,,,,,Global signal power in thalamus-DMN FC studies of insomnia,,,,,,
api_paper_34956cb36b5d,Identifying and Evaluating Biological Markers of Postherpetic Neuralgia: A Comprehensive Review.,"Postherpetic neuralgia (PHN) manifests as persistent chronic pain that emerges after a herpes zoster outbreak and greatly diminishes quality of life. Unfortunately, its treatment efficacy has remained elusive, with many therapeutic efforts yielding less than satisfactory results. The research to discern risk factors predicting the onset, trajectory, and prognosis of PHN has been extensive. However, these risk factors often present as nonspecific and diverse, indicating the need for more reliable, measurable, and objective detection methods. The exploration of potential biological markers, including hematological indices, pathological insights, and supportive tests, is increasing. This review highlights potential biomarkers that are instrumental for the diagnosis, management, and prognosis of PHN while also delving deeper into its genesis. Drawing from prior research, aspects such as immune responsiveness, neuronal injury, genetic makeup, cellular metabolism, and pain signal modulation have emerged as prospective biomarkers. The immune spectrum spans various cell subtypes, with an emphasis on T cells, interferons, interleukins, and other related cytokines. Studies on nerve injury are directed toward pain-related proteins and the density and health of epidermal nerve fibers. On the genetic and metabolic fronts, the focus lies in the detection of predisposition genes, atypical protein manifestations, and energy-processing dynamics, with a keen interest in vitamin metabolism. Tools such as functional magnetic resonance imaging, electromyography, and infrared imaging have come to the forefront in the pain signaling domain. This review compiles the evidence, potential clinical implications, and challenges associated with these promising biomarkers, paving the way for innovative strategies for predicting, diagnosing, and addressing PHN.",2024,10.1007/s40122-024-00640-3,39126594,api:europe_pmc,[],https://doi.org/10.1007/s40122-024-00640-3,provider=europe_pmc; provider_id=39126594; journal=,,2024,,"['Li Y', 'Jin J', 'Kang X', 'Feng Z.']",6,europe_pmc,2.0,,,,,True,europe_pmc,39126594,,,,,,,Global signal power in thalamus-DMN FC studies of insomnia,,,,,,
api_paper_fd46ed46d093,Multiscale neural modeling of resting-state fMRI reveals executive-limbic malfunction as a core mechanism in major depressive disorder.,"Major depressive disorder (MDD) represents a grand challenge to human health and society, but the underlying pathophysiological mechanisms remain elusive. Previous neuroimaging studies have suggested that MDD is associated with abnormal interactions and dynamics in two major neural systems including the default mode - salience (DMN-SAL) network and the executive - limbic (EXE-LIM) network, but it is not clear which network plays a central role and which network plays a subordinate role in MDD pathophysiology. To address this question, we refined a newly developed Multiscale Neural Model Inversion (MNMI) framework and applied it to test whether MDD is more affected by impaired circuit interactions in the DMN-SAL network or the EXE-LIM network. The model estimates the directed connection strengths between different neural populations both within and between brain regions based on resting-state fMRI data collected from normal healthy subjects and patients with MDD. Results show that MDD is primarily characterized by abnormal circuit interactions in the EXE-LIM network rather than the DMN-SAL network. Specifically, we observe reduced frontoparietal effective connectivity that potentially contributes to hypoactivity in the dorsolateral prefrontal cortex (dlPFC), and decreased intrinsic inhibition combined with increased excitation from the superior parietal cortex (SPC) that potentially lead to amygdala hyperactivity, together resulting in activation imbalance in the PFC-amygdala circuit that pervades in MDD. Moreover, the model reveals reduced PFC-to-hippocampus excitation but decreased SPC-to-thalamus inhibition in MDD population that potentially lead to hypoactivity in the hippocampus and hyperactivity in the thalamus, consistent with previous experimental data. Overall, our findings provide strong support for the long-standing limbic-cortical dysregulation model in major depression but also offer novel insights into the multiscale pathophysiology of this debilitating disease.",2021,10.1016/j.nicl.2021.102758,34284335,api:europe_pmc,[],https://doi.org/10.1016/j.nicl.2021.102758,provider=europe_pmc; provider_id=34284335; journal=,,2021,,"['Li G', 'Liu Y', 'Zheng Y', 'Wu Y', 'Li D', 'Liang X', 'Chen Y', 'Cui Y', 'Yap PT', 'Qiu S', 'Zhang H', 'Shen D.']",24,europe_pmc,4.0,,,,,True,europe_pmc,34284335,,,,,,,Global signal power in thalamus-DMN FC studies of insomnia,,,,,,
api_paper_70a6c96f4a5e,Aberrant Awake Spontaneous Brain Activity in Obstructive Sleep Apnea: A Review Focused on Resting-State EEG and Resting-State fMRI.,"As one of the most common sleep-related respiratory disorders, obstructive sleep apnea (OSA) is characterized by excessive snoring, repetitive apnea, arousal, sleep fragmentation, and intermittent nocturnal hypoxemia. Focused on the resting-state brain imaging techniques, we reviewed the OSA-related resting-state electroencephalogram and resting-state functional magnetic resonance imaging (rsfMRI) studies. Compared with the healthy control group, patients with OSA presented increased frontal and central δ/θ powers during resting-state wakefulness, and their slow-wave activity showed a positive correlation with apnea-hypopnea index. For rsfMRI, the prefrontal cortex and insula may be the vital regions for OSA and are strongly related to the severity of the disease. Meanwhile, some large-scale brain networks, such as the default-mode network, salience network, and central executive network, play pivotal roles in the pathology of OSA. We then discussed the contribution of resting-state brain imaging as an evaluation approach for disease interventions. Finally, we briefly introduced the effects of OSA-related physiological and mental diseases and discussed some future research directions from the perspective of resting-state brain imaging.",2020,10.3389/fneur.2020.00768,32849223,"api:europe_pmc,openalex",[],https://www.frontiersin.org/articles/10.3389/fneur.2020.00768/pdf,provider=europe_pmc; provider_id=32849223; journal=Frontiers in Neurology,Frontiers in Neurology,2020,,"['Wu Y', 'Zhao W', 'Chen X', 'Wan X', 'Lei X.']",27,europe_pmc,3.857,,,,,True,europe_pmc,32849223,,,,,,,Global signal power in thalamus-DMN FC studies of insomnia,,,,,,
api_paper_e5bb77f95754,Neural Substrates of Poststroke Depression: Current Opinions and Methodology Trends.,"Poststroke depression (PSD), affecting about one-third of stroke survivors, exerts significant impact on patients' functional outcome and mortality. Great efforts have been made since the 1970s to unravel the neuroanatomical substrate and the brain-behavior mechanism of PSD. Thanks to advances in neuroimaging and computational neuroscience in the past two decades, new techniques for uncovering the neural basis of symptoms or behavioral deficits caused by focal brain damage have been emerging. From the time of lesion analysis to the era of brain networks, our knowledge and understanding of the neural substrates for PSD are increasing. Pooled evidence from traditional lesion analysis, univariate or multivariate lesion-symptom mapping, regional structural and functional analyses, direct or indirect connectome analysis, and neuromodulation clinical trials for PSD, to some extent, echoes the frontal-limbic theory of depression. The neural substrates of PSD may be used for risk stratification and personalized therapeutic target identification in the future. In this review, we provide an update on the recent advances about the neural basis of PSD with the clinical implications and trends of methodology as the main features of interest.",2022,10.3389/fnins.2022.812410,35464322,api:europe_pmc,[],https://www.frontiersin.org/articles/10.3389/fnins.2022.812410/pdf,provider=europe_pmc; provider_id=35464322; journal=,,2022,,"['Pan C', 'Li G', 'Sun W', 'Miao J', 'Qiu X', 'Lan Y', 'Wang Y', 'Wang H', 'Zhu Z', 'Zhu S.']",10,europe_pmc,2.0,,,,,True,europe_pmc,35464322,,,,,,,Global signal power in thalamus-DMN FC studies of insomnia,,,,,,
api_paper_ddb1c224944e,"A Wearable, Steerable, Transcranial Low-Intensity Focused Ultrasound System.","<h4>Objectives</h4>Transcranial low-intensity focused ultrasound (LIFU) offers unique opportunities for precisely neuromodulating small and/or deep targets within the human brain, which may be useful for treating psychiatric and neurological disorders. This article presents a novel ultrasound system that delivers focused ultrasound through the forehead to anterior brain targets and evaluates its safety and usability in a volunteer study.<h4>Methods</h4>The ultrasound system and workflow are described, including neuronavigation, LIFU planning, and ultrasound delivery components. Its capabilities are analyzed through simulations and experiments in water to establish its safe steering range. A cohort of 20 healthy volunteers received a LIFU protocol aimed at the anterior medial prefrontal cortex (amPFC), using imaging and questionnaires to screen for adverse effects. Additional development after the study also analyzes the effect of the skull and sinus cavities on delivered ultrasound energy.<h4>Results</h4>Simulations and hydrophone readings agreed with <5% error, and the safe steering range was found to encompass a 1.8 cm × 2.5 cm × 2 cm volume centered at a depth 5 cm from the surface of the skin. There were no adverse effects evident on qualitative assessments, nor any signs of damage in susceptibility-weighted imaging scans. All participants tolerated the treatment well. The interface effectively enabled the users to complete the workflow with all participants. In particular, the amPFC of every participant was within the steering limits of the system. A post hoc analysis showed that ""virtual fitting"" could aid in steering the beams around subjects' sinuses.<h4>Conclusions</h4>The presented system safely delivered LIFU through the forehead while targeting the amPFC in all volunteers, and was well-tolerated. With the capabilities validated here and positive results of the study, this technology appears well-suited to explore LIFU's efficacy in clinical neuromodulation contexts.",2025,10.1002/jum.16600,39449176,api:europe_pmc,[],https://doi.org/10.1002/jum.16600,provider=europe_pmc; provider_id=39449176; journal=,,2025,,"['Bawiec CR', 'Hollender PJ', 'Ornellas SB', 'Schachtner JN', 'Dahill-Fuchel JF', 'Konecky SD', 'Allen JJB.']",8,europe_pmc,4.0,,,,,True,europe_pmc,39449176,,,,,,,Global signal power in thalamus-DMN FC studies of insomnia,,,,,,
api_paper_a2e35a92824d,Neuroimaging Insights into the Public Health Burden of Neuropsychiatric Disorders: A Systematic Review of Electroencephalography-Based Cognitive Biomarkers.,"<i>Background and Objectives</i>: Neuropsychiatric disorders, including schizophrenia, bipolar disorder, and major depression, constitute a leading global public health challenge due to their high prevalence, chronicity, and profound cognitive and functional impact. This systematic review explores the role of electroencephalography (EEG)-based cognitive biomarkers in improving the understanding, diagnosis, monitoring, and treatment of these conditions. It evaluates how EEG-derived markers can reflect neuro-cognitive dysfunction and inform personalized and scalable mental health interventions. <i>Materials and Methods</i>: A systematic review was conducted following PRISMA guidelines. The databases searched included PubMed, Scopus, PsycINFO, and Web of Science for peer-reviewed empirical studies published between 2014 and 2025. Inclusion criteria focused on EEG-based investigations in clinical populations with neuropsychiatric diagnoses, emphasizing studies that assessed associations with cognitive function, symptom severity, treatment response, or functional outcomes. Of the 447 initially identified records, 132 studies were included in the final synthesis. <i>Results:</i> This review identifies several EEG markers-such as mismatch negativity (MMN), P300, frontal alpha asymmetry, and theta/beta ratios-as reliable indicators of cognitive impairments across psychiatric populations. These biomarkers are associated with deficits in attention, memory, and executive functioning, and show predictive utility for treatment outcomes and disease progression. Methodological trends indicate an increasing use of machine learning and multimodal neuroimaging integration to enhance diagnostic specificity. While many studies exhibit moderate risk of bias, the overall findings support EEG biomarkers' reproducibility and translational relevance. <i>Conclusions</i>: EEG-based cognitive biomarkers offer a valuable, non-invasive means of capturing the neurobiological underpinnings of psychiatric disorders. Their diagnostic and prognostic potential, as well as high temporal resolution and portability, supports their use in clinical and public health contexts. The field, however, requires further standardization, cross-validation, and investment in scalable applications. Advancing EEG biomarker research holds promise for precision psychiatry and proactive mental health strategies at the population level.",2025,10.3390/medicina61061003,40572691,api:europe_pmc,[],https://doi.org/10.3390/medicina61061003,provider=europe_pmc; provider_id=40572691; journal=,,2025,,"['Gkintoni E', 'Vantarakis A', 'Gourzis P.']",13,europe_pmc,6.5,,,,,True,europe_pmc,40572691,,,,,,,Global signal power in thalamus-DMN FC studies of insomnia,,,,,,
api_paper_215701f4aecd,ACNP 63rd Annual Meeting: Poster Abstracts P305-P608,,2024,,,api:europe_pmc,[],https://www.ncbi.nlm.nih.gov/pmc/articles/PMC11627187/?tool=EBI,provider=europe_pmc; provider_id=PMC11627187; journal=,,2024,,[],0,europe_pmc,0.0,,,,,False,europe_pmc,PMC11627187,,,,,,,Global signal power in thalamus-DMN FC studies of insomnia,,,,,,
api_paper_10d89371e6a6,ACNP 63rd Annual Meeting: Poster Abstracts P609-P914,,2024,,,api:europe_pmc,[],https://www.ncbi.nlm.nih.gov/pmc/articles/PMC11627190/?tool=EBI,provider=europe_pmc; provider_id=PMC11627190; journal=,,2024,,[],0,europe_pmc,0.0,,,,,False,europe_pmc,PMC11627190,,,,,,,Global signal power in thalamus-DMN FC studies of insomnia,,,,,,
api_paper_4034c9263ac8,Frequency-specific alterations in intrinsic low-frequency oscillations in newly diagnosed male patients with obstructive sleep apnea.,"<h4>Purpose</h4>Previous studies found abnormal low-frequency spontaneous brain activity related to cognitive impairment in patients with obstructive sleep apnea (OSA). However, it is unclear if low-frequency spontaneous brain activity is related to specific frequency bands in OSA patients. In this study, we used the amplitude of low-frequency fluctuation (ALFF) method in patients with OSA to explore characteristics of spontaneous brain activity in the classical (0.01-0.1 Hz) and five sub-frequency bands (slow-2 to slow-6) and analyzed the relationship between spontaneous brain activity and clinical evaluation was analyzed.<h4>Patients and methods</h4>Resting-state magnetic resonance imaging data and clinical assessments were collected from 52 newly-diagnosed OSA patients and 62 healthy controls (HCs). We calculated the individual group ALFF values in the classical and five different sub-frequency bands. A two-sample <i>t</i>-test compared ALFF differences, and one-way analysis of variance explored interactions in frequency bands between the two groups.<h4>Results</h4>ALFF values in the OSA group were lower than those in the HC group in the bilateral precuneus/posterior cingulate cortex, bilateral angular gyrus, left inferior parietal lobule, brainstem, and right fusiform gyrus. In contrast, ALFF values in the OSA group were higher than those in the HC group in the bilateral cerebellum posterior lobe, bilateral superior frontal gyrus, bilateral middle frontal gyrus, left inferior frontal gyrus, left inferior temporal gyrus, and left fusiform gyrus. Some ALFF values in altered brain regions were associated with body mass index, apnea-hypopnea index, neck circumference, snoring history, minimum SaO<sub>2</sub>, average SaO<sub>2</sub>, arousal index, oxygen reduction index, deep sleep period naming, abstraction, and delayed recall in specific frequency bands.<h4>Conclusion</h4>Our results indicated the existence of frequency-specific differences in spontaneous brain activity in OSA patients, which were related to cognitive and other clinical symptoms. This study identified frequency-band characteristics related to brain damage, expanded the cognitive neuroimaging mechanism, and provided additional OSA neuroimaging markers.",2022,10.3389/fnins.2022.987015,36248662,api:europe_pmc,[],https://www.frontiersin.org/articles/10.3389/fnins.2022.987015/pdf,provider=europe_pmc; provider_id=36248662; journal=,,2022,,"['Zeng Y', 'Shu Y', 'Liu X', 'Li P', 'Kong L', 'Li K', 'Xie W', 'Zeng L', 'Long T', 'Huang L', 'Li H', 'Peng D.']",5,europe_pmc,1.0,,,,,True,europe_pmc,36248662,,,,,,,Global signal power in thalamus-DMN FC studies of insomnia,,,,,,
api_paper_8da4e4f8e4b4,From descriptive connectome to mechanistic connectome: Generative modeling in functional magnetic resonance imaging analysis.,"As a newly emerging field, connectomics has greatly advanced our understanding of the wiring diagram and organizational features of the human brain. Generative modeling-based connectome analysis, in particular, plays a vital role in deciphering the neural mechanisms of cognitive functions in health and dysfunction in diseases. Here we review the foundation and development of major generative modeling approaches for functional magnetic resonance imaging (fMRI) and survey their applications to cognitive or clinical neuroscience problems. We argue that conventional structural and functional connectivity (FC) analysis alone is not sufficient to reveal the complex circuit interactions underlying observed neuroimaging data and should be supplemented with generative modeling-based effective connectivity and simulation, a fruitful practice that we term ""mechanistic connectome."" The transformation from descriptive connectome to mechanistic connectome will open up promising avenues to gain mechanistic insights into the delicate operating principles of the human brain and their potential impairments in diseases, which facilitates the development of effective personalized treatments to curb neurological and psychiatric disorders.",2022,10.3389/fnhum.2022.940842,36061504,api:europe_pmc,[],https://doi.org/10.3389/fnhum.2022.940842,provider=europe_pmc; provider_id=36061504; journal=,,2022,,"['Li G', 'Yap PT.']",11,europe_pmc,2.2,,,,,True,europe_pmc,36061504,,,,,,,Global signal power in thalamus-DMN FC studies of insomnia,,,,,,
api_paper_ebf71f0c9be1,ACNP 63rd Annual Meeting: Poster Abstracts P1-P304,,2024,,,api:europe_pmc,[],https://www.ncbi.nlm.nih.gov/pmc/articles/PMC11627186/?tool=EBI,provider=europe_pmc; provider_id=PMC11627186; journal=,,2024,,[],0,europe_pmc,0.0,,,,,False,europe_pmc,PMC11627186,,,,,,,Global signal power in thalamus-DMN FC studies of insomnia,,,,,,
api_paper_c3ec1822e6ef,Neurophysiological Biomarkers of Persistent Post-concussive Symptoms: A Scoping Review.,"<b>Background and Objectives:</b> Persistent post-concussive symptoms (PCS) consist of neurologic and psychological complaints persisting after a mild traumatic brain injury (mTBI). It affects up to 50% of mTBI patients, may cause long-term disability, and reduce patients' quality of life. The aim of this review was to examine the possible use of different neuroimaging modalities in PCS. <b>Methods:</b> Articles from Pubmed database were screened to extract studies that investigated the relationship between any neuroimaging features and symptoms of PCS. Descriptive statistics were applied to report the results. <b>Results:</b> A total of 80 out of 939 papers were included in the final review. Ten examined conventional MRI (30% positive finding), 24 examined diffusion weighted imaging (54.17% positive finding), 23 examined functional MRI (82.61% positive finding), nine examined electro(magneto)encephalography (77.78% positive finding), and 14 examined other techniques (71% positive finding). <b>Conclusion:</b> MRI was the most widely used technique, while functional techniques seem to be the most sensitive tools to evaluate PCS. The common functional patterns associated with symptoms of PCS were a decreased anti-correlation between the default mode network and the task positive network and reduced brain activity in specific areas (most often in the prefrontal cortex). <b>Significance:</b> Our findings highlight the importance to use functional approaches which demonstrated a functional alteration in brain connectivity and activity in most studies assessing PCS.",2021,10.3389/fneur.2021.687197,34566837,api:europe_pmc,[],https://www.frontiersin.org/articles/10.3389/fneur.2021.687197/pdf,provider=europe_pmc; provider_id=34566837; journal=,,2021,,"['Mortaheb S', 'Filippini MM', 'Kaux JF', 'Annen J', 'Lejeune N', 'Martens G', 'Calderón MAF', 'Laureys S', 'Thibaut A.']",16,europe_pmc,2.667,,,,,True,europe_pmc,34566837,,,,,,,Global signal power in thalamus-DMN FC studies of insomnia,,,,,,
api_paper_e541959a30e3,Abnormal regional activity in the prefrontal-limbic circuit at rest: Potential imaging markers and treatment predictors in drug-naive anxiety disorders.,"<h4>Background</h4>Previous research has identified functional impairments within the prefrontal-limbic circuit in individuals with anxiety disorders. However, the link between these deficiencies, clinical symptoms, and responses to antipsychotic treatment is still not fully understood. This study aimed to investigate abnormal regional activity within the prefrontal-limbic circuit among drug-naive individuals diagnosed with generalized anxiety disorder (GAD) and panic disorder (PD) and to analyze changes following treatment.<h4>Methods</h4>Resting-state magnetic resonance imaging was performed on a cohort of 118 anxiety disorder patients (64 GAD, 54 PD) and 61 healthy controls (HCs) at baseline. Among them, 52 patients with GAD and 44 patients with PD underwent a 4-week treatment regimen of paroxetine. Fractional amplitude of low-frequency fluctuation (fALFF) measurements and pattern classification techniques were employed to analyze the data in accordance with the human Brainnetome atlas.<h4>Results</h4>Both patients with GAD and PD demonstrated decreased fALFF in the right cHipp subregion of the hippocampus and increased fALFF in specified subregions of the cingulate and orbitofrontal lobe. Notably, patients with PD exhibited significantly higher fALFF in the left A24cd subregion compared to patients with GAD, while other ROI subregions showed no significant variations between the two patient groups. Whole-brain analysis revealed abnormal fALFF in both patient groups, primarily in specific areas of the cingulate and parasingulate gyrus, as well as the inferior and medial orbitofrontal gyrus (OFG). Following a 4-week treatment period, specific subregions in the GAD and PD groups showed a significant decrease in fALFF. Further analysis using support vector regression indicated that fALFF measurements in the right A13 and right A24cd subregions may be predictive of treatment response among anxiety disorder patients.<h4>Conclusions</h4>Aberrant functional activity in certain subregions of the prefrontal-limbic circuit appears to be linked to the manifestation of anxiety disorders. These findings suggest potential imaging indicators for individual responses to antipsychotic treatment.",2024,10.1111/cns.14523,37990350,api:europe_pmc,[],https://doi.org/10.1111/cns.14523,provider=europe_pmc; provider_id=37990350; journal=,,2024,,"['Shan X', 'Yan H', 'Li H', 'Liu F', 'Li P', 'Zhao J', 'Guo W.']",6,europe_pmc,2.0,,,,,True,europe_pmc,37990350,,,,,,,Global signal power in thalamus-DMN FC studies of insomnia,,,,,,
api_paper_0853a5dd3b0a,"Brain-based sex differences in autism spectrum disorder across the lifespan: A systematic review of structural MRI, fMRI, and DTI findings.","Females with autism spectrum disorder (ASD) have been long overlooked in neuroscience research, but emerging evidence suggests they show distinct phenotypic trajectories and age-related brain differences. Sex-related biological factors (e.g., hormones, genes) may play a role in ASD etiology and have been shown to influence neurodevelopmental trajectories. Thus, a lifespan approach is warranted to understand brain-based sex differences in ASD. This systematic review on MRI-based sex differences in ASD was conducted to elucidate variations across the lifespan and inform biomarker discovery of ASD in females We identified articles through two database searches. Fifty studies met criteria and underwent integrative review. We found that regions expressing replicable sex-by-diagnosis differences across studies overlapped with regions showing sex differences in neurotypical cohorts. Furthermore, studies investigating age-related brain differences across a broad age-span suggest distinct neurodevelopmental patterns in females with ASD. Qualitative comparison across youth and adult studies also supported this hypothesis. However, many studies collapsed across age, which may mask differences. Furthermore, accumulating evidence supports the female protective effect in ASD, although only one study examined brain circuits implicated in ""protection."" When synthesized with the broader literature, brain-based sex differences in ASD may come from various sources, including genetic and endocrine processes involved in brain ""masculinization"" and ""feminization"" across early development, puberty, and other lifespan windows of hormonal transition. Furthermore, sex-related biology may interact with peripheral processes, in particular the stress axis and brain arousal system, to produce distinct neurodevelopmental patterns in males and females with ASD. Future research on neuroimaging-based sex differences in ASD would benefit from a lifespan approach in well-controlled and multivariate studies. Possible relationships between behavior, sex hormones, and brain development in ASD remain largely unexamined.",2021,10.1016/j.nicl.2021.102719,34153690,api:europe_pmc,[],https://doi.org/10.1016/j.nicl.2021.102719,provider=europe_pmc; provider_id=34153690; journal=,,2021,,"['Walsh MJM', 'Wallace GL', 'Gallegos SM', 'Braden BB.']",67,europe_pmc,11.167,,,,,True,europe_pmc,34153690,,,,,,,Global signal power in thalamus-DMN FC studies of insomnia,,,,,,
api_paper_3ddd2da5b462,Functional connectivity of paired default mode network subregions in primary insomnia,"OBJECTIVE: The aim of this study is to explore the resting-state functional connectivity (FC) differences between the paired default mode network (DMN) subregions in patients with primary insomnia (PIs). METHODS: Forty-two PIs and forty-two age- and sex-matched good sleepers (GSs) were recruited. All subjects underwent the resting-state functional magnetic resonance imaging scans. The seed-based region-to-region FC method was used to evaluate the abnormal connectivity within the DMN subregions between the PIs and the GSs. Pearson correlation analysis was used to investigate the relationships between the abnormal FC strength within the paired DMN subregions and the clinical features in PIs. RESULTS: Compared with the GSs, the PIs showed higher Pittsburgh Sleep Quality Index score, Hamilton Anxiety Rating Scale score, Hamilton Depression Rating Scale score, Self-Rating Depression Scale score, Self Rating Anxiety Scale score, Self-Rating Scale of Sleep score, and Profile of Mood States score (P<0.001). Compared with the GSs, the PIs showed significant decreased region-to-region FC between the medial prefrontal cortex and the right medial temporal lobe (t=-2.275, P=0.026), and between the left medial temporal lobe and the left inferior parietal cortices (t=-3.32, P=0.001). The abnormal FC strengths between the DMN subregions did not correlate with the clinical features. CONCLUSION: PIs showed disrupted FC within the DMN subregions.",2015,https://doi.org/10.2147/ndt.s95224,,api:openalex,[],https://openalex.org/W2202719344,provider=openalex; provider_id=https://openalex.org/W2202719344; journal=Neuropsychiatric Disease and Treatment,Neuropsychiatric Disease and Treatment,2015,,"['Xi‐jian Dai', 'Xiao Nie', 'Yi Shao', 'Siyu Liu', 'Haijun Li', 'Ai-lan Wan', 'Si Nie', 'De-Chang Peng']",89,openalex,7.417,,,,,True,openalex,https://openalex.org/W2202719344,,,,,,,Global signal power in thalamus-DMN FC studies of insomnia,,,,,,
api_paper_889dd16de74a,Functional reorganization in obstructive sleep apnoea and insomnia: A systematic review of the resting-state fMRI,"Functional neuroimaging techniques have accelerated progress in the study of sleep disorders. Considering the striking prevalence of these disorders in the general population, however, as well as their strong bidirectional relationship with major neuropsychiatric disorders, including major depressive disorder, their numbers are still surprisingly low. This review examines the contribution of resting state functional MRI to current understanding of two major sleep disorders, insomnia disorder and obstructive sleep apnoea. An attempt is made to learn from parallels of previous resting state functional neuroimaging findings in major depressive disorder. Moreover, shared connectivity biomarkers are suggested for each of the sleep disorders. Taken together, despite some inconsistencies, the synthesis of findings to date highlights the importance of the salience network in hyperarousal and affective symptoms in insomnia. Conversely, dysfunctional connectivity of the posterior default mode network appears to underlie cognitive and depressive symptoms of obstructive sleep apnoea.",2017,https://doi.org/10.1016/j.neubiorev.2017.03.013,,api:openalex,[],https://openalex.org/W2604053207,provider=openalex; provider_id=https://openalex.org/W2604053207; journal=Neuroscience & Biobehavioral Reviews,Neuroscience & Biobehavioral Reviews,2017,,"['Habibolah Khazaie', 'Mattia Veronese', 'Khadijeh Noori', 'Farnoosh Emamian', 'Mojtaba Zarei', 'Keyoumars Ashkan', 'Guy D. Leschziner', 'Claudia R. Eickhoff', 'Simon B. Eickhoff', 'Mary J. Morrell', 'Ricardo S. Osorio', 'Kai Spiegelhalder', 'Masoud Tahmasian', 'Ivana Rosenzweig']",169,openalex,16.9,,,,,True,openalex,https://openalex.org/W2604053207,,,,,,,Global signal power in thalamus-DMN FC studies of insomnia,,,,,,
api_paper_58d062b2e49e,Abnormal whole-brain functional connectivity in patients with primary insomnia,"The investigation of the mechanism of insomnia could provide the basis for improved understanding and treatment of insomnia. The aim of this study is to investigate the abnormal functional connectivity throughout the entire brain of insomnia patients, and analyze the global distribution of these abnormalities. Whole brains of 50 patients with insomnia and 40 healthy controls were divided into 116 regions and abnormal connectivities were identified by comparing the Pearson's correlation coefficients of each pair using general linear model analyses with covariates of age, sex, and duration of education. In patients with insomnia, regions that relate to wakefulness, emotion, worry/rumination, saliency/attention, and sensory-motor showed increased positive connectivity with each other; however, regions that often restrain each other, such as regions in salience network with regions in default mode network, showed decreased positive connectivity. Correlation analysis indicated that some increased positive functional connectivity was associated with the Self-Rating Depression Scale, Insomnia Severity Index, and Pittsburgh Sleep Quality Index scores. According to our findings, increased and decreased positive connectivities suggest function strengthening and function disinhibition, respectively, which offers a parsimonious explanation for the hyperarousal hypothesis in the level of the whole-brain functional connectivity in patients with insomnia.",2017,https://doi.org/10.2147/ndt.s128811,,api:openalex,[],https://openalex.org/W2588442876,provider=openalex; provider_id=https://openalex.org/W2588442876; journal=Neuropsychiatric Disease and Treatment,Neuropsychiatric Disease and Treatment,2017,,"['Chao Li', 'Mengshi Dong', 'Yin Yi', 'Kelei Hua', 'Shishun Fu', 'Guihua Jiang']",50,openalex,5.0,,,,,True,openalex,https://openalex.org/W2588442876,,,,,,,Global signal power in thalamus-DMN FC studies of insomnia,,,,,,
api_paper_fb24b50abc89,"Aberrant Functional Connectivity Architecture in Participants with Chronic Insomnia Disorder Accompanying Cognitive Dysfunction: A Whole-Brain, Data-Driven Analysis","Using rs-fMRI, our results support previous observations of cortical disconnection in CID in the prefrontal and DMN networks. Moreover, abnormal correlations within the task-negative network, and between two intrinsically anti-correlation networks, might be important neurobiological indicators of CID and associated cognitive impairment.",2017,https://doi.org/10.3389/fnins.2017.00259,,api:openalex,[],https://openalex.org/W2612209543,provider=openalex; provider_id=https://openalex.org/W2612209543; journal=Frontiers in Neuroscience,Frontiers in Neuroscience,2017,,"['Ran Pang', 'Yafeng Zhan', 'Yunling Zhang', 'Rongjuan Guo', 'Jialin Wang', 'Xiao Guo', 'Yong Liu', 'Zhi\xadqun Wang', 'Kuncheng Li']",46,openalex,4.6,,,,,True,openalex,https://openalex.org/W2612209543,,,,,,,Global signal power in thalamus-DMN FC studies of insomnia,,,,,,
api_paper_8be95ca10944,Global connectivity of the fronto-parietal cognitive control network is related to depression symptoms in the general population,"We all vary in our mental health, even among people not meeting diagnostic criteria for mental illness. Understanding this individual variability may reveal factors driving the risk for mental illness, as well as factors driving subclinical problems that still adversely affect quality of life. To better understand the large-scale brain network mechanisms underlying this variability, we examined the relationship between mental health symptoms and resting-state functional connectivity patterns in cognitive control systems. One such system is the fronto-parietal cognitive control network (FPN). Changes in FPN connectivity may impact mental health by disrupting the ability to regulate symptoms in a goal-directed manner. Here we test the hypothesis that FPN dysconnectivity relates to mental health symptoms even among individuals who do not meet formal diagnostic criteria but may exhibit meaningful symptom variation. We found that depression symptoms severity negatively correlated with between-network global connectivity (BGC) of the FPN. This suggests that decreased connectivity between the FPN and the rest of the brain is related to increased depression symptoms in the general population. These findings complement previous clinical studies to support the hypothesis that global FPN connectivity contributes to the regulation of mental health symptoms across both health and disease.",2018,https://doi.org/10.1162/netn_a_00056,,api:openalex,[],https://openalex.org/W2796669719,provider=openalex; provider_id=https://openalex.org/W2796669719; journal=Network Neuroscience,Network Neuroscience,2018,,"['Douglas H. Schultz', 'Takuya Ito', 'Levi I. Solomyak', 'Richard H. Chen', 'Ravi D. Mill', 'Alan Anticevic', 'Michael W. Cole']",103,openalex,11.444,,,,,True,openalex,https://openalex.org/W2796669719,,,,,,,Global signal power in thalamus-DMN FC studies of insomnia,,,,,,
api_paper_3db3b85566ed,Brain Regions Responsible for Tinnitus Distress and Loudness: A Resting-State fMRI Study,"Subjective tinnitus is characterized by the perception of phantom sound without an external auditory stimulus. We hypothesized that abnormal functionally connected regions in the central nervous system might underlie the pathophysiology of chronic subjective tinnitus. Statistical significance of functional connectivity (FC) strength is affected by the regional autocorrelation coefficient (AC). In this study, we used resting-state functional MRI (fMRI) and measured regional mean FC strength (mean cross-correlation coefficient between a region and all other regions without taking into account the effect of AC (rGC) and with taking into account the effect of AC (rGCa) to elucidate brain regions related to tinnitus symptoms such as distress, depression and loudness. Consistent with previous studies, tinnitus loudness was not related to tinnitus-related distress and depressive state. Although both rGC and rGCa revealed similar brain regions where the values showed a statistically significant relationship with tinnitus-related symptoms, the regions for rGCa were more localized and more clearly delineated the regions related specifically to each symptom. The rGCa values in the bilateral rectus gyri were positively correlated and those in the bilateral anterior and middle cingulate gyri were negatively correlated with distress and depressive state. The rGCa values in the bilateral thalamus, the bilateral hippocampus, and the left caudate were positively correlated and those in the left medial superior frontal gyrus and the left posterior cingulate gyrus were negatively correlated with tinnitus loudness. These results suggest that distinct brain regions are responsible for tinnitus symptoms. The regions for distress and depressive state are known to be related to depression, while the regions for tinnitus loudness are known to be related to the default mode network and integration of multi-sensory information.",2013,https://doi.org/10.1371/journal.pone.0067778,,api:openalex,[],https://openalex.org/W1973699844,provider=openalex; provider_id=https://openalex.org/W1973699844; journal=PLoS ONE,PLoS ONE,2013,,"['Takashi Ueyama', 'Tomohiro Donishi', 'Satoshi Ukai', 'Yorihiko Ikeda', 'Muneki Hotomi', 'Noboru Yamanaka', 'Kazuhiro Shinosaki', 'Masaki Terada', 'Yoshiki Kaneoke']",86,openalex,6.143,,,,,True,openalex,https://openalex.org/W1973699844,,,,,,,Global signal power in thalamus-DMN FC studies of insomnia,,,,,,
api_paper_fca1d658dc26,Acupuncture modulates emotional network resting-state functional connectivity in patients with insomnia disorder: a randomized controlled trial and fMRI study,"BACKGROUND: Insomnia disorder (ID) is one of the most common sleep problems, usually accompanied by anxiety and depression symptoms. Functional magnetic resonance imaging (fMRI) study suggests that both poor sleep quality and negative emotion are linked to the dysregulation of brain network related to emotion processing in ID patients. Acupuncture therapy has been proven effective in improving sleep quality and mood of ID patients, but the involved neurobiological mechanism remains unclear. We aimed to investigate the modulation effect of acupuncture on resting-state functional connectivity (rsFC) of the emotional network (EN) in patients experiencing insomnia. METHODS: A total of 30 healthy controls (HCs) and 60 ID patients were enrolled in this study. Sixty ID patients were randomly assigned to real and sham acupuncture groups and attended resting-state fMRI scans before and after 4 weeks of acupuncture treatment. HCs completed an MRI/fMRI scan at baseline. The rsFC values within EN were calculated, and Hamilton Anxiety Scale (HAMA), Hamilton Depression Scale (HAMD), Pittsburgh Sleep Quality Index (PSQI), Hyperarousal Scale (HAS), and actigraphy data were collected for clinical efficacy evaluation. RESULTS: Resting-state FC analysis showed abnormalities in rsFC centered on the thalamus and dorsolateral prefrontal cortex within EN of ID patients compared to HCs. After real acupuncture treatment, rsFC of the anterior cingulate cortex, hippocampus, and amygdala were increased compared with the sham acupuncture group (p < 0.05, FDR corrected). In real acupuncture group, the rsFC value was decreased between left amygdala and left thalamus after 4 weeks of treatment compared with baseline. A trend of correlation was found that the increased rsFC value between the right amygdala and left hippocampus was positively correlated with the decreased HAMA scores across all ID patients, and the decreased left amygdala rsFC value with the left thalamus was negatively correlated with the increased sleep efficiency in the real acupuncture group. CONCLUSION: Our findings showed that real acupuncture could produce a positive effect on modulating rsFC within network related to emotion processing in ID patients, which may illustrate the central mechanism underlying acupuncture for insomnia in improving sleep quality and emotion regulation. TRIAL REGISTRATION: http://www.chictr.org.cn ., ChiCTR1800015282, 20/03/2018.",2024,https://doi.org/10.1186/s12906-024-04612-0,,api:openalex,[],https://openalex.org/W4401793977,provider=openalex; provider_id=https://openalex.org/W4401793977; journal=BMC Complementary Medicine and Therapies,BMC Complementary Medicine and Therapies,2024,,"['Tongfei Jiang', 'Zhaoyi Chen', 'Jiao Liu', 'Xuejiao Yin', 'Zhongjian Tan', 'Guiling Wang', 'Бин Ли', 'Jing Guo']",24,openalex,8.0,,,,,True,openalex,https://openalex.org/W4401793977,,,,,,,Global signal power in thalamus-DMN FC studies of insomnia,,,,,,
api_paper_ba7c15f87ffe,"Major depressive disorder: hypothesis, mechanism, prevention and treatment","Worldwide, the incidence of major depressive disorder (MDD) is increasing annually, resulting in greater economic and social burdens. Moreover, the pathological mechanisms of MDD and the mechanisms underlying the effects of pharmacological treatments for MDD are complex and unclear, and additional diagnostic and therapeutic strategies for MDD still are needed. The currently widely accepted theories of MDD pathogenesis include the neurotransmitter and receptor hypothesis, hypothalamic-pituitary-adrenal (HPA) axis hypothesis, cytokine hypothesis, neuroplasticity hypothesis and systemic influence hypothesis, but these hypothesis cannot completely explain the pathological mechanism of MDD. Even it is still hard to adopt only one hypothesis to completely reveal the pathogenesis of MDD, thus in recent years, great progress has been made in elucidating the roles of multiple organ interactions in the pathogenesis MDD and identifying novel therapeutic approaches and multitarget modulatory strategies, further revealing the disease features of MDD. Furthermore, some newly discovered potential pharmacological targets and newly studied antidepressants have attracted widespread attention, some reagents have even been approved for clinical treatment and some novel therapeutic methods such as phototherapy and acupuncture have been discovered to have effective improvement for the depressive symptoms. In this work, we comprehensively summarize the latest research on the pathogenesis and diagnosis of MDD, preventive approaches and therapeutic medicines, as well as the related clinical trials.",2024,https://doi.org/10.1038/s41392-024-01738-y,,api:openalex,[],https://openalex.org/W4392731282,provider=openalex; provider_id=https://openalex.org/W4392731282; journal=Signal Transduction and Targeted Therapy,Signal Transduction and Targeted Therapy,2024,,"['Lulu Cui', 'Shu Li', 'Siman Wang', 'Xiafang Wu', 'Yingyu Liu', 'Weiyang Yu', 'Yijun Wang', 'Yong Tang', 'Maosheng Xia', 'Baoman Li']",954,openalex,318.0,,,,,True,openalex,https://openalex.org/W4392731282,,,,,,,Global signal power in thalamus-DMN FC studies of insomnia,,,,,,
api_paper_8172d4f6276a,Thalamus and consciousness: a systematic review on thalamic nuclei associated with consciousness,"Introduction: Consciousness relies on both cortical and subcortical structures and their feedforward and feedback pathways. Within this framework, the thalamus represents a relay station enabling the transmission, reception, and integration of information. However, it is divided into several nuclear groups each composed of functionally heterogeneous nuclei, and, to date, an agreement on which nuclei are most involved in the generation, maintenance, and modulation of consciousness is still lacking. Methods: To fill this gap, we performed a systematic review by querying 5 electronic databases (MEDLINE/Pubmed, Scopus, EMBASE, Web of Science, and Cinahl Complete) about studies published in the last 20 years exploring the relationship between specific thalamic nuclei/nuclear groups and consciousness. For each included study, we extracted data supporting (i.e., positive evidence) or not (i.e., negative evidence) the relationship between a specific nucleus/nuclear group and the consciousness. Results: 167 articles were included leading to 346 pieces of evidence of which 284 were positive. Most of the retrieved positive evidence pertained to the intralaminar nuclear group, followed by the mediodorsal and ventral nuclear groups. Furthermore, when considering the specific nuclei within the intralaminar nuclear group, results highlighted the centromedian-parafascicular complex (CM-Pf) as the nucleus most related to consciousness. Despite the high heterogeneity characterizing the adopted methodologies (e.g., brain stimulation, anesthesia, brain damage), as well as the study population (e.g., either healthy and pathological humans or animals) across studies, the greatest amount of evidence supported a key role of CM-Pf for the generation, modulation, and maintenance of the level of consciousness. Discussion: Though there is more research on the role of intralaminar nuclei, there is proportionally more positive evidence supporting these nuclei (particularly the CM-Pf) as key nodes in the network underlying consciousness compared to other thalamic nuclei. These results support ongoing therapeutic approaches to disorders of consciousness by reinforcing the rationale behind brain stimulation targeting CM-Pf and paving the way for other potential candidates for targeted interventions.",2025,https://doi.org/10.3389/fneur.2025.1509668,,api:openalex,[],https://openalex.org/W4411397270,provider=openalex; provider_id=https://openalex.org/W4411397270; journal=Frontiers in Neurology,Frontiers in Neurology,2025,,"['Martina Cacciatore', 'Francesca Giulia Magnani', 'Filippo Barbadoro', 'Camilla Ippoliti', 'Mario Stanziano', 'Letizia Clementi', 'Anna Nigri', 'Lorenzo Nanetti', 'Silvia Marino', 'Fabio La Porta', 'Lucia Francesca Lucca', 'Francesco Prada', 'Matilde Leonardi']",14,openalex,7.0,,,,,True,openalex,https://openalex.org/W4411397270,,,,,,,Global signal power in thalamus-DMN FC studies of insomnia,,,,,,
api_paper_fc787ed175c5,Aberrant brain functional connectome in patients with obstructive sleep apnea,"OBJECTIVE: Obstructive sleep apnea (OSA) is accompanied by widespread abnormal spontaneous regional activity related to cognitive deficits. However, little is known about the topological properties of the functional brain connectome of patients with OSA. This study aimed to use the graph theory approaches to investigate the topological properties and functional connectivity (FC) of the functional connectome in patients with OSA, based on resting-state functional magnetic resonance imaging (rs-fMRI). METHODS: Forty-five male patients with newly diagnosed untreated severe OSA and 45 male good sleepers (GSs) underwent a polysomnography (PSG), clinical evaluations, and rs-fMRI scans. The automated anatomical labeling (AAL) atlas was used to construct the functional brain connectome. The topological organization and FC of brain functional networks in patients with OSA were characterized using graph theory methods and investigated the relationship between functional network topology and clinical variables. RESULTS: ; increased Lp, λ; and abnormal nodal centralities in several default-mode network (DMN), salience network (SN), and central executive network (CEN) regions. However, the patients with OSA exhibited abnormal functional connections between the DMN, SN, and CEN. The disrupted FC was significantly positive correlations with the global network metrics γ and σ. The global network metrics were significantly correlated with the Epworth Sleepiness Scale (ESS) score, Montreal Cognitive Assessment (MoCA) score, and oxygen desaturation index. CONCLUSION: The findings suggest that the functional connectome of patients with OSA exhibited disrupted functional integration and segregation, and functional disconnections of the DMN, SN, and CEN. The aberrant topological attributes may be associated with disrupted FC and cognitive functions. These topological abnormalities and disconnections might be potential biomarkers of cognitive impairments in patients with OSA.",2018,https://doi.org/10.2147/ndt.s161085,,api:openalex,[],https://openalex.org/W2800863215,provider=openalex; provider_id=https://openalex.org/W2800863215; journal=Neuropsychiatric Disease and Treatment,Neuropsychiatric Disease and Treatment,2018,,"['Li‐Ting Chen', 'Xiaole Fan', 'Haijun Li', 'Chenglong Ye', 'Honghui Yu', 'Huizhen Xin', 'Honghan Gong', 'Dechang Peng', 'Liping Yan']",33,openalex,3.667,,,,,True,openalex,https://openalex.org/W2800863215,,,,,,,Global signal power in thalamus-DMN FC studies of insomnia,,,,,,
api_paper_a0ff7354cbd5,Dissecting diagnostic heterogeneity in depression by integrating neuroimaging and genetics,,2020,https://doi.org/10.1038/s41386-020-00789-3,,api:openalex,[],https://openalex.org/W3048792238,provider=openalex; provider_id=https://openalex.org/W3048792238; journal=Neuropsychopharmacology,Neuropsychopharmacology,2020,,"['A. Buch', 'Conor Liston']",280,openalex,40.0,,,,,True,openalex,https://openalex.org/W3048792238,,,,,,,Global signal power in thalamus-DMN FC studies of insomnia,,,,,,
api_paper_28768abc560a,Disrupted cortical brain network in post-traumatic stress disorder patients: a resting-state electroencephalographic study,"This study aimed to examine the source-level cortical brain networks of post-traumatic stress disorder (PTSD) based on the graph theory using electroencephalography (EEG). Sixty-six cortical source signals were estimated from 78 PTSD and 58 healthy controls (HCs) of resting-state EEG. Four global indices (strength, clustering coefficient (CC), path length (PL) and efficiency) and one nodal index (CC) were evaluated in six frequency bands (delta, theta, alpha, low beta, high beta and gamma). PTSD showed decreased global strength, CC and efficiency, in delta, theta, and low beta band and enhanced PL in theta and low beta band. In low beta band, the strength and CC correlated positively with the anxiety scores, while PL had a negative correlation. In addition, nodal CCs were reduced in PTSD in delta, theta and low beta band. Nodal CCs of theta band correlated negatively with rumination and re-experience symptom scores; while, nodal CCs in low beta band correlated positively with anxiety and pain severity. Inefficiently altered and symptom-dependent changes in cortical networks were seen in PTSD. Our source-level cortical network indices might be promising biomarkers for evaluating PTSD.",2017,https://doi.org/10.1038/tp.2017.200,,api:openalex,[],https://openalex.org/W2756401139,provider=openalex; provider_id=https://openalex.org/W2756401139; journal=Translational Psychiatry,Translational Psychiatry,2017,,"['Miseon Shim', 'Chang‐Hwan Im', 'S-H Lee']",38,openalex,3.8,,,,,True,openalex,https://openalex.org/W2756401139,,,,,,,Global signal power in thalamus-DMN FC studies of insomnia,,,,,,
api_paper_f3b051715b8e,Insomnia-related brain functional correlates in first-episode drug-naïve major depressive disorder revealed by resting-state fMRI,"Introduction: Insomnia is a common comorbidity symptom in major depressive disorder (MDD) patients. Abnormal brain activities have been observed in both MDD and insomnia patients, however, the central pathological mechanisms underlying the co-occurrence of insomnia in MDD patients are still unclear. This study aimed to explore the differences of spontaneous brain activity between MDD patients with and without insomnia, as well as patients with different level of insomnia. Methods: A total of 88 first-episode drug-naïve MDD patients including 44 with insomnia (22 with high insomnia and 22 with low insomnia) and 44 without insomnia, as well as 44 healthy controls (HC), were enrolled in this study. The level of depression and insomnia were evaluated by HAMD-17, adjusted HAMD-17 and its sleep disturbance subscale in all subjects. Resting-state functional and structural magnetic resonance imaging data were acquired from all participants and then were preprocessed by the software of DPASF. Regional homogeneity (ReHo) values of brain regions were calculated by the software of REST and were compared. Finally, receiver operating characteristic (ROC) curves were conducted to determine the values of abnormal brain regions for identifying MDD patients with insomnia and evaluating the severity of insomnia. Results: Analysis of variance showed that there were significant differences in ReHo values in the left middle frontal gyrus, left pallidum, right superior frontal gyrus, right medial superior frontal gyrus and right rectus gyrus among three groups. Compared with HC, MDD patients with insomnia showed increased ReHo values in the medial superior frontal gyrus, middle frontal gyrus, triangular inferior frontal gyrus, calcarine fissure and right medial superior frontal gyrus, medial orbital superior frontal gyrus, as well as decreased ReHo values in the left middle occipital gyrus, pallidum and right superior temporal gyrus, inferior temporal gyrus, middle cingulate gyrus, hippocampus, putamen. MDD patients without insomnia demonstrated increased ReHo values in the left middle frontal gyrus, orbital middle frontal gyrus, anterior cingulate gyrus and right triangular inferior frontal gyrus, as well as decreased ReHo values in the left rectus gyrus, postcentral gyrus and right rectus gyrus, fusiform gyrus, pallidum. In addition, MDD patients with insomnia had decreased ReHo values in the left insula when compared to those without insomnia. Moreover, MDD patients with high insomnia exhibited increased ReHo values in the right middle temporal gyrus, and decreased ReHo values in the left orbital superior frontal gyrus, lingual gyrus, right inferior parietal gyrus and postcentral gyrus compared to those with low insomnia. ROC analysis demonstrated that impaired brain region might be helpful for identifying MDD patients with insomnia and evaluating the severity of insomnia. Conclusion: These findings suggested that MDD patients with insomnia had wider abnormalities of brain activities in the prefrontal-limbic circuits including increased activities in the prefrontal cortex, which might be the compensatory mechanism underlying insomnia in MDD. In addition, decreased activity of left insula might be associated with the occurrence of insomnia in MDD patients and decreased activities of the frontal-parietal network might cause more serious insomnia related to MDD.",2024,https://doi.org/10.3389/fnins.2024.1290345,,api:openalex,[],https://openalex.org/W4402016424,provider=openalex; provider_id=https://openalex.org/W4402016424; journal=Frontiers in Neuroscience,Frontiers in Neuroscience,2024,,"['Ke Dai', 'Xianwei Liu', 'Jun Hu', 'Fangfang Ren', 'Zhuma Jin', 'Shulan Xu', 'Ping Cao']",13,openalex,4.333,,,,,True,openalex,https://openalex.org/W4402016424,,,,,,,Global signal power in thalamus-DMN FC studies of insomnia,,,,,,
api_paper_1110a95eea01,"Transcutaneous Auricular Vagus Nerve Stimulation (taVNS) for Insomnia Disorder: A Narrative Review of Effectiveness, Mechanisms and Recommendations for Clinical Practice","Insomnia disorder is a very common disease that has received widespread attention in modern society, but the effects of current treatments for insomnia disorder are far from satisfactory. Transcutaneous auricular vagus nerve stimulation (taVNS) is a safe and highly tolerated method, and it might be an alternative therapy for patients with insomnia disorder. This narrative review synthesizes clinical and mechanistic evidence of taVNS for insomnia disorder, critically analyzing its multimodal therapeutic actions from the perspectives of brain networks modulation, neurotransmitter-hormone axis regulation, anti-inflammatory effects, and changes in autonomic nerve function. Existing studies have shown that taVNS can improve sleep quality, quality of life and the accompanying negative emotions. However, the deficiencies in the current trial methods may lead to a reduction in the quality of evidence. Although existing findings support taVNS as a promising strategy for treating insomnia, more high-quality trials are needed to verify its benefits and elucidate its mechanisms of action.",2025,https://doi.org/10.2147/nss.s515809,,api:openalex,[],https://openalex.org/W4411281356,provider=openalex; provider_id=https://openalex.org/W4411281356; journal=Nature and Science of Sleep,Nature and Science of Sleep,2025,,"['Chen Liu', 'Shiyin Chen', 'Yuwen Zhang', 'Xiao Wu', 'Jie Liu']",10,openalex,5.0,,,,,True,openalex,https://openalex.org/W4411281356,,,,,,,Global signal power in thalamus-DMN FC studies of insomnia,,,,,,
api_paper_9b4983c43c41,Functional Connectivity Disturbances of the Locus Coeruleus in Chronic Insomnia Disorder,,2022,https://doi.org/10.21203/rs.3.rs-1230181/v1,,api:openalex,[],https://openalex.org/W4205813687,provider=openalex; provider_id=https://openalex.org/W4205813687; journal=Research Square,Research Square,2022,,"['Chunlong Li', 'Xiaofen Ma', 'Yuexia Liu', 'Ning Yang', 'Zhihong Lan', 'Shumei Huang', 'Yunfan Wu', 'Guihua Jiang']",3,openalex,0.6,,,,,True,openalex,https://openalex.org/W4205813687,,,,,,,Global signal power in thalamus-DMN FC studies of insomnia,,,,,,
api_paper_c9b48ce21405,&lt;p&gt;Abnormal resting-state functional connectivity of amygdala subregions in patients with obstructive sleep apnea&lt;/p&gt;,"Background: The amygdala is one of the core areas of the emotional circuits. Previous neuroimaging studies have revealed that patients with obstructive sleep apnea (OSA) have aberrant structure and function in several brain areas (including the amygdala). However, the resting-state functional connectivity (rs-FC) of amgydala subregions remains uncertain. Objective: To determine whether aberrant rs-FC exists between the amygdala subregions and other brain areas and whether such abnormalities are related to emotional disorders and cognitive impairment in OSA. Methods: The resting-state functional magnetic resonance imaging (rs-fMRI) data of 40 male severe OSA patients and 40 matched healthy controls (HCs) were collected. The rs-FC between the amygdala subregions and other brain areas was compared between the two groups. The correlations between aberrant rs-FC and clinical variables and neuropsychological assessments were evaluated. Results: Compared with the HCs, the OSA patients showed significantly increased rs-FC between the left dorsal amygdala (DA) and the anterior lobe of the cerebellum, among the left ventrolateral amygdala (VA), the left inferior frontal gyrus (IFG) and the left superior temporal gyrus (STG), and between the right VA and the left IFG. However, significantly decreased rs-FC was observed between the right DA and the right prefrontal cortex (PFC) in OSA patients. No regional differences in rs-FC were found between the OSA patients and HCs in the bilateral medial amygdala (MA). Conclusion: In this study, male severe OSA patients showed complex rs-FC patterns in the amygdala subregions, which may be the result of OSA-related selective damage to the amygdala, and abnormal rs-FC between the amygdala subregions and brain regions associated with emotional, cognitive and executive functions may partly explain the affective deficits and cognitive impairment observed in male severe OSA patients. Keywords: obstructive sleep apnea, amygdala subregion, resting-state functional connectivity, functional magnetic resonance imaging, blood oxygen-level-dependent",2019,https://doi.org/10.2147/ndt.s191441,,api:openalex,[],https://openalex.org/W2936524827,provider=openalex; provider_id=https://openalex.org/W2936524827; journal=Neuropsychiatric Disease and Treatment,Neuropsychiatric Disease and Treatment,2019,,"['Honghui Yu', 'Liting Chen', 'Haijun Li', 'Huizhen Xin', 'Juan Zhang', 'Zhipeng Wei', 'Dechang Peng']",42,openalex,5.25,,,,,True,openalex,https://openalex.org/W2936524827,,,,,,,Global signal power in thalamus-DMN FC studies of insomnia,,,,,,
api_paper_0891c0f6bc52,The homotopic connectivity of the functional brain: a meta-analytic approach,"Homotopic connectivity (HC) is the connectivity between mirror areas of the brain hemispheres. It can exhibit a marked and functionally relevant spatial variability, and can be perturbed by several pathological conditions. The voxel-mirrored homotopic connectivity (VMHC) is a technique devised to enquire this pattern of brain organization, based on resting state functional connectivity. Since functional connectivity can be revealed also in a meta-analytical fashion using co-activations, here we propose to calculate the meta-analytic homotopic connectivity (MHC) as the meta-analytic counterpart of the VMHC. The comparison between the two techniques reveals their general similarity, but also highlights regional differences associated with how HC varies from task to rest. Two main differences were found from rest to task: (i) regions known to be characterized by global hubness are more similar than regions displaying local hubness; and (ii) medial areas are characterized by a higher degree of homotopic connectivity, while lateral areas appear to decrease their degree of homotopic connectivity during task performance. These findings show that MHC can be an insightful tool to study how the hemispheres functionally interact during task and rest conditions.",2019,https://doi.org/10.1038/s41598-019-40188-3,,api:openalex,[],https://openalex.org/W2918918124,provider=openalex; provider_id=https://openalex.org/W2918918124; journal=Scientific Reports,Scientific Reports,2019,,"['Lorenzo Mancuso', 'Tommaso Costa', 'Andrea Nani', 'Jordi Manuello', 'Donato Liloia', 'Gabriele Gelmini', 'Melissa Panero', 'Sergio Duca', 'Franco Cauda']",74,openalex,9.25,,,,,True,openalex,https://openalex.org/W2918918124,,,,,,,Global signal power in thalamus-DMN FC studies of insomnia,,,,,,
api_paper_8d945d0bca9b,Duloxetine effects on striatal resting‐state functional connectivity in patients with major depressive disorder,"Reward deficits and associated striatal circuitry disturbances have been implicated in the onset and progression of major depressive disorder (MDD). However, no studies have been conducted to investigate how the striatal circuitry changes during standard antidepressant, which is important for development of novel and targeted treatments for MDD. We examined the seed-to-whole-brain functional connectivity (FC) for six striatal subregions based on resting-state fMRI data of 23 MDD patients before and after 8-week duloxetine, a serotonin, and noradrenaline reuptake inhibitor. Twenty-three healthy controls (HCs) were also scanned twice with an 8-week interval. After the analysis of covariance, we observed significant group-by-time interaction on FC of the dorsal caudate (DC), ventral striatum (VS), and putamen seeds. Post hoc analyses revealed that the FC between several right striatal seeds and left superior frontal gyrus (SFG), between right DC and left precuneus, between right superior VS and left inferior parietal lobe, were significantly higher in MDD patients compared to HCs at baseline and were reduced after treatment. Conversely, the FC between right inferior VS and left cerebellum was lower in MDD patients and was increased after treatment. Patients with larger reduction in right superior VS-left SFG FC exhibited larger alleviation of rumination. These findings suggest that duloxetine modulates the striatal FC with dorsolateral prefrontal cortex, posterior default mode network, and cerebellum, and partly, these changes underlie symptomatic improvement. This study adds to our understanding of antidepressant mechanism and future therapeutic development might benefit from considering these striatal circuitry as potential targets.",2019,https://doi.org/10.1002/hbm.24601,,api:openalex,[],https://openalex.org/W2944767898,provider=openalex; provider_id=https://openalex.org/W2944767898; journal=Human Brain Mapping,Human Brain Mapping,2019,,"['Li Wang', 'Jing An', 'Hongmei Gao', 'Ping Zhang', 'Chao Chen', 'Ke Li', 'Philip B. Mitchell', 'Tianmei Si']",34,openalex,4.25,,,,,True,openalex,https://openalex.org/W2944767898,,,,,,,Global signal power in thalamus-DMN FC studies of insomnia,,,,,,
api_paper_a6b63ffdfa00,Functional connectomics in depression: insights into therapies,,2023,https://doi.org/10.1016/j.tics.2023.05.006,,api:openalex,[],https://openalex.org/W4379377534,provider=openalex; provider_id=https://openalex.org/W4379377534; journal=Trends in Cognitive Sciences,Trends in Cognitive Sciences,2023,,"['Ya Chai', 'Yvette I. Sheline', 'Desmond J. Oathes', 'Nicholas L. Balderston', 'Hengyi Rao', 'Meichen Yu']",105,openalex,26.25,,,,,True,openalex,https://openalex.org/W4379377534,,,,,,,Global signal power in thalamus-DMN FC studies of insomnia,,,,,,
api_paper_bc4b8fc63f4f,"Acute Neurofunctional Effects of Escitalopram in Pediatric Anxiety: A Double-Blind, Placebo-Controlled Trial",,2021,https://doi.org/10.1016/j.jaac.2020.11.023,,api:openalex,[],https://openalex.org/W3126667232,provider=openalex; provider_id=https://openalex.org/W3126667232; journal=Journal of the American Academy of Child & Adolescent Psychiatry,Journal of the American Academy of Child & Adolescent Psychiatry,2021,,"['Lu Lu', 'Jeffrey A. Mills', 'Hailong Li', 'Heidi K. Schroeder', 'Sarah A. Mossman', 'Sara T. Varney', 'Kim M. Cecil', 'Xiaoqi Huang', 'Qiyong Gong', 'Laura B. Ramsey', 'Melissa P. DelBello', 'John A. Sweeney', 'Jeffrey R. Strawn']",27,openalex,4.5,,,,,True,openalex,https://openalex.org/W3126667232,,,,,,,Global signal power in thalamus-DMN FC studies of insomnia,,,,,,
api_paper_ad951eafd89b,Alterations in Salience Network Functional Connectivity in Individuals with Restless Legs Syndrome,"BACKGROUND AND PURPOSE: Restless legs syndrome (RLS) is a neurological disorder which is most commonly identified by an urge to move the legs. It often shows alterations in sensory processing which implies the salience network (SN) is experiencing changes. This study investigates the functional connectivity (FC) between the SN and other areas of the brain in RLS patients during the resting state period. METHODS: Thirty patients with drug naïve idiopathic RLS and 30 healthy age and gender matched controls were included in this study. Resting state fMRIs were performed in the morning during the asymptomatic period. The SN comparisons were conducted between the two groups. RESULTS: The RLS group showed a reduction in SN FC in the right pyramis, and an increase in SN FC in the bilateral orbitofrontal gyri and right postcentral gyrus. CONCLUSIONS: The results of this study give reason to believe that SN FC in RLS patients is altered during asymptomatic periods. This could have an influence on the processing of the saliency of information, particularly sensory information processing and inhibition mechanisms.",2020,https://doi.org/10.1038/s41598-020-64641-w,,api:openalex,[],https://openalex.org/W3020939898,provider=openalex; provider_id=https://openalex.org/W3020939898; journal=Scientific Reports,Scientific Reports,2020,,"['Jeonghun Ku', 'Yeong Seon Lee', 'Keun Tae Kim', 'Hyuk-Won Chang', 'Yong Won Cho']",20,openalex,2.857,,,,,True,openalex,https://openalex.org/W3020939898,,,,,,,Global signal power in thalamus-DMN FC studies of insomnia,,,,,,
api_paper_1cd49871b34d,A systematic review of neurological impairments in myalgic encephalomyelitis/ chronic fatigue syndrome using neuroimaging techniques,"BACKGROUND: Myalgic encephalomyelitis/ Chronic Fatigue Syndrome (ME/CFS) is a multi-system illness characterised by a diverse range of debilitating symptoms including autonomic and cognitive dysfunction. The pathomechanism remains elusive, however, neurological and cognitive aberrations are consistently described. This systematic review is the first to collect and appraise the literature related to the structural and functional neurological changes in ME/CFS patients as measured by neuroimaging techniques and to investigate how these changes may influence onset, symptom presentation and severity of the illness. METHODS: A systematic search of databases Pubmed, Embase, MEDLINE (via EBSCOhost) and Web of Science (via Clarivate Analytics) was performed for articles dating between December 1994 and August 2019. Included publications report on neurological differences in ME/CFS patients compared with healthy controls identified using neuroimaging techniques such as magnetic resonance imaging, positron emission tomography and electroencephalography. Article selection was further refined based on specific inclusion and exclusion criteria. A quality assessment of included publications was completed using the Joanna Briggs Institute checklist. RESULTS: A total of 55 studies were included in this review. All papers assessed neurological or cognitive differences in adult ME/CFS patients compared with healthy controls using neuroimaging techniques. The outcomes from the articles include changes in gray and white matter volumes, cerebral blood flow, brain structure, sleep, EEG activity, functional connectivity and cognitive function. Secondary measures including symptom severity were also reported in most studies. CONCLUSIONS: The results suggest widespread disruption of the autonomic nervous system network including morphological changes, white matter abnormalities and aberrations in functional connectivity. However, these findings are not consistent across studies and the origins of these anomalies remain unknown. Future studies are required confirm the potential neurological contribution to the pathology of ME/CFS.",2020,https://doi.org/10.1371/journal.pone.0232475,,api:openalex,[],https://openalex.org/W3023504150,provider=openalex; provider_id=https://openalex.org/W3023504150; journal=PLoS ONE,PLoS ONE,2020,,"['Rebekah Maksoud', 'Stanley Du Preez', 'Natalie Eaton-Fitch', 'Kiran Thapaliya', 'Leighton Barnden', 'Hélène Cabanas', 'Donald Staines', 'Sonya Marshall‐Gradisnik']",68,openalex,9.714,,,,,True,openalex,https://openalex.org/W3023504150,,,,,,,Global signal power in thalamus-DMN FC studies of insomnia,,,,,,
api_paper_55b5c0dd09e6,"Phenotyping of PER3 variants reveals widespread effects on circadian preference, sleep regulation, and health",,2017,https://doi.org/10.1016/j.smrv.2017.10.008,,api:openalex,[],https://openalex.org/W2767218826,provider=openalex; provider_id=https://openalex.org/W2767218826; journal=Sleep Medicine Reviews,Sleep Medicine Reviews,2017,,"['Simon Archer', 'Christina Schmidt', 'Gilles Vandewalle', 'Derk‐Jan Dijk']",103,openalex,10.3,,,,,True,openalex,https://openalex.org/W2767218826,,,,,,,Global signal power in thalamus-DMN FC studies of insomnia,,,,,,
api_paper_7b464427bcaf,Data-Driven Clustering Reveals a Link Between Symptoms and Functional Brain Connectivity in Depression,"BACKGROUND: Depression is a complex disorder with large interindividual variability in symptom profiles that often occur alongside symptoms of other psychiatric domains, such as anxiety. A dimensional and symptom-based approach may help refine the characterization of depressive and anxiety disorders and thus aid in establishing robust biomarkers. We use resting-state functional magnetic resonance imaging to assess the brain functional connectivity correlates of a symptom-based clustering of individuals. METHODS: We assessed symptoms using the Beck Depression and Beck Anxiety Inventories in individuals with or without a history of depression (N = 1084) and high-dimensional data clustering to form subgroups based on symptom profiles. We compared dynamic and static functional connectivity between subgroups in a subset of the total sample (n = 252). RESULTS: We identified five subgroups with distinct symptom profiles, which cut across diagnostic boundaries with different total severity, symptom patterns, and centrality. For instance, inability to relax, fear of the worst, and feelings of guilt were among the most severe symptoms in subgroups 1, 2, and 3, respectively. The distribution of individuals was 32%, 25%, 22%, 10%, and 11% in subgroups 1 to 5, respectively. These subgroups showed evidence of differential static brain-connectivity patterns, in particular comprising a frontotemporal network. In contrast, we found no significant associations with clinical sum scores, dynamic functional connectivity, or global connectivity. CONCLUSIONS: Adding to the pursuit of individual-based treatment, subtyping based on a dimensional conceptualization and unique constellations of anxiety and depression symptoms is supported by distinct patterns of static functional connectivity in the brain.",2018,https://doi.org/10.1016/j.bpsc.2018.05.005,,api:openalex,[],https://openalex.org/W2951340766,provider=openalex; provider_id=https://openalex.org/W2951340766; journal=Biological Psychiatry Cognitive Neuroscience and Neuroimaging,Biological Psychiatry Cognitive Neuroscience and Neuroimaging,2018,,"['Luigi A. Maglanoc', 'Nils Inge Landrø', 'Rune Jonassen', 'Tobias Kaufmann', 'Aldo Córdova‐Palomera', 'Eva Hilland', 'Lars T. Westlye']",55,openalex,6.111,,,,,True,openalex,https://openalex.org/W2951340766,,,,,,,Global signal power in thalamus-DMN FC studies of insomnia,,,,,,
api_paper_4643300d182f,"Neural signatures of default mode network subsystems in first-episode, drug-naive patients with major depressive disorder after 6-week thought induction psychotherapy treatment","Evidence indicates that the default mode network (DMN) plays a crucial role in the neuropathology of major depressive disorder (MDD). However, the neural signatures of DMN subsystems in MDD after low resistance Thought Induction Psychotherapy (TIP) remain incompletely understood. We collected functional magnetic resonance imaging data from 20 first-episode, drug-naive MDD and 20 healthy controls (HCs). The DMN was segmented into three subsystems and seed-based functional connectivity (FC) was computed. After 6-week treatment, the significantly reduced FCs with the medial temporal lobe memory subsystem in MDD at baseline were enhanced and were comparable to that in HCs. Changed Hamilton Depression Rating Scale scores were significantly related with changed FC between the posterior cingulate cortex (PCC) and the right precuneus (PCUN). Further, changed serotonin 5-hydroxytryptamine levels were significantly correlated with changed FCs between the PCC and the left PCUN, between the posterior inferior parietal lobule and the left inferior temporal gyrus, and between the retrosplenial cortex and the right inferior frontal gyrus, opercular part. Finally, the support vector machine obtained an accuracy of 67.5% to distinguish between MDD at baseline and HCs. These findings may deepen our understanding of the neural basis of the effects of TIP on DMN subsystems in MDD.",2024,https://doi.org/10.1093/braincomms/fcae263,,api:openalex,[],https://openalex.org/W4401499159,provider=openalex; provider_id=https://openalex.org/W4401499159; journal=Brain Communications,Brain Communications,2024,,"['Fengmei Lu', 'Jinhua Zhang', 'Yihua Zhong', 'Hong Lan', 'Jian Wang', 'Hui Du', 'Jiliang Fang', 'Yangyang Fan', 'Xiaoling Wang', 'Yang Yang', 'Zongling He', 'Jia Chen', 'Weidong Wang', 'Xueyu Lv']",6,openalex,2.0,,,,,True,openalex,https://openalex.org/W4401499159,,,,,,,Global signal power in thalamus-DMN FC studies of insomnia,,,,,,
api_paper_5209c0506d3c,Functional MRI Correlates of Sleep Quality in HIV,"OBJECTIVE: To examine resting-state functional MRI (rs-fMRI) networks related to sleep in the context of HIV infection. METHODS: rs-fMRI data were collected in 40 HIV-infected (HIV+) individuals at baseline (treatment-naive), 12 week (post-treatment) and one year timepoints. A group of 50 age-matched HIV-negative (HIV-) individuals were also imaged at baseline and one year timepoints. The Pittsburgh Sleep Quality Index (PSQI) questionnaire was administered at all timepoints. Using group independent component analysis (ICA), maps of functional networks were generated from fMRI data; from these, sleep-related networks were selected. A generalized linear model (GLM) was used to analyze if these networks were significantly associated with the PSQI score, and if this relationship was influenced by HIV status/treatment or timepoint. RESULTS: HIV+ individuals had significantly lower PSQI score after treatment (p=0.022). Networks extracted from group ICA analysis included the anterior and posterior default mode network (DMN), central executive network (CEN), bilateral frontoparietal networks (FPNs), and the anterior cingulate cortex salience network (ACC SN). We found the posterior DMN, right FPN, and ACC SN GLMs showed significantly higher goodness-of-fit after incorporating PSQI data (p = 0.0204, 0.044, 0.044, respectively). Furthermore, the correlation between ACC SN and posterior DMN connectivity was significantly decreased in the HIV+ cohort. CONCLUSION: Functional networks such as the DMN, FPN, CEN, and ACC SN are altered in poor sleep, as measured by the PSQI score. Furthermore, the relationship between these networks and PSQI is different in the HIV+ and HIV- populations.",2021,https://doi.org/10.2147/nss.s291544,,api:openalex,[],https://openalex.org/W3134153663,provider=openalex; provider_id=https://openalex.org/W3134153663; journal=Nature and Science of Sleep,Nature and Science of Sleep,2021,,"['Arun Venkataraman', 'Yuchuan Zhuang', 'Jennifer Marsella', 'Madalina E. Tivarus', 'Xing Qiu', 'Lu Wang', 'Jianhui Zhong', 'Giovanni Schifitto']",9,openalex,1.5,,,,,True,openalex,https://openalex.org/W3134153663,,,,,,,Global signal power in thalamus-DMN FC studies of insomnia,,,,,,
api_paper_eb2511dc55b7,Exploration of Hippocampal Functional Connectivity Alterations in Patients with High Myopia via Seed-Based Functional Connectivity Analysis,"Aim: The objective of this study was to examine changes in functional connectivity (FC) in the hippocampus among patients with high myopia (HM) compared to healthy controls (HCs) through the utilization of seed-based functional connectivity (FC) analysis. Methods: Resting-state functional magnetic resonance imaging (fMRI) was conducted on a sample of 82 patients diagnosed with high myopia (HM) and 59 HCs. The two groups were matched based on age, weight and other relevant variables. Using seed-based FC analysis to detect alterations in hippocampal FC patterns in HM patients and HCs. Furthermore, a correlation analysis was performed to examine the associations between the mean functional connectivity (FC) signals in various brain regions of patients with HM and their corresponding clinical manifestations. Results: The FC values in the left temporal pole-temporal gyrus (L-TPOsup), right hippocampus (R-HIP), left medial temporal gyrus (L-MTG) and left hippocampus in HM patients were significantly lower than those of healthy subjects. In the left temporal pole-superior temporal gyrus (L-TPOsup), right orbital part of middle frontal gyrus (RO-MFG), left fusiform gyrus (L-FG), left cerebellum superior (L-Cbe6), left middle temporal gyrus (L-MTG), right thalamus (R-THA), and right hippocampus, FC values were also significantly lower. Conclusion: Brain dysfunction was observed in various regions of the HM patients, suggesting the existence of neurobiological alterations that could lead to impairments in visual cognition, movement, emotional processing, and visual memory.",2023,https://doi.org/10.2147/opth.s434797,,api:openalex,[],https://openalex.org/W4388651606,provider=openalex; provider_id=https://openalex.org/W4388651606; journal=Clinical ophthalmology,Clinical ophthalmology,2023,,"['Bin Wei', 'Wenwen Fu', 'Yu Ji', 'Qi Cheng', 'Ben-Liang Shu', 'Qin-Yi Huang', 'Xiaorong Wu']",7,openalex,1.75,,,,,True,openalex,https://openalex.org/W4388651606,,,,,,,Global signal power in thalamus-DMN FC studies of insomnia,,,,,,
api_paper_a57ec45feb7c,Neurobiological Underpinnings of Hyperarousal in Depression: A Comprehensive Review,"Patients with major depressive disorder (MDD) exhibit an abnormal physiological arousal pattern known as hyperarousal, which may contribute to their depressive symptoms. However, the neurobiological mechanisms linking this abnormal arousal to depressive symptoms are not yet fully understood. In this review, we summarize the physiological and neural features of arousal, and review the literature indicating abnormal arousal in depressed patients. Evidence suggests that a hyperarousal state in depression is characterized by abnormalities in sleep behavior, physiological (e.g., heart rate, skin conductance, pupil diameter) and electroencephalography (EEG) features, and altered activity in subcortical (e.g., hypothalamus and locus coeruleus) and cortical regions. While recent studies highlight the importance of subcortical-cortical interactions in arousal, few have explored the relationship between subcortical-cortical interactions and hyperarousal in depressed patients. This gap limits our understanding of the neural mechanism through which hyperarousal affects depressive symptoms, which involves various cognitive processes and the cerebral cortex. Based on the current literature, we propose that the hyperconnectivity in the thalamocortical circuit may contribute to both the hyperarousal pattern and depressive symptoms. Future research should investigate the relationship between thalamocortical connections and abnormal arousal in depression, and explore its implications for non-invasive treatments for depression.",2024,https://doi.org/10.3390/brainsci14010050,,api:openalex,[],https://openalex.org/W4390587919,provider=openalex; provider_id=https://openalex.org/W4390587919; journal=Brain Sciences,Brain Sciences,2024,,"['Musi Xie', 'Ying Huang', 'Wendan Cai', 'Bin Zhang', 'Haonan Huang', 'Qingwei Li', 'Pengmin Qin', 'Junrong Han']",29,openalex,9.667,,,,,True,openalex,https://openalex.org/W4390587919,,,,,,,Global signal power in thalamus-DMN FC studies of insomnia,,,,,,
api_paper_a2a9e9cde3e1,"Integrating sleep, neuroimaging, and computational approaches for precision psychiatry",,2019,https://doi.org/10.1038/s41386-019-0483-8,,api:openalex,[],https://openalex.org/W2969916475,provider=openalex; provider_id=https://openalex.org/W2969916475; journal=Neuropsychopharmacology,Neuropsychopharmacology,2019,,"['Andrea Goldstein‐Piekarski', 'Bailey Holt-Gosselin', 'Kathleen O’Hora', 'Leanne M. Williams']",37,openalex,4.625,,,,,True,openalex,https://openalex.org/W2969916475,,,,,,,Global signal power in thalamus-DMN FC studies of insomnia,,,,,,
api_paper_0542934e2ca6,Data-driven clustering reveals a link between symptoms and functional brain connectivity in depression,"Abstract Background Depression is a complex disorder with large inter-individual variability in symptom profiles that often occur alongside symptoms of other psychiatric domains such as anxiety. A dimensional and symptom-based approach may help refine the characterization and classification of depressive and anxiety disorders and thus aid in establishing robust biomarkers. We assess the brain functional connectivity correlates of a symptom-based clustering of individuals using functional brain imaging data. Methods We assessed symptoms of depression and anxiety using Beck’s Depression and Beck’s Anxiety inventories in individuals with or without a history of depression, and high dimensional data clustering to form subgroups based on symptom profiles. To assess the biological relevance of this subtyping, we compared functional magnetic resonance imaging-based dynamic and static functional connectivity between subgroups in a subset of the total sample. Results We identified five subgroups with distinct symptom profiles, cutting across diagnostic boundaries and differing in terms of total severity, symptom patterns and centrality. For instance, inability to relax, fear of the worst, and feelings of guilt were among the most severe symptoms in subgroup 1, 2 and 3, respectively. These subgroups showed evidence of differential static brain connectivity patterns, in particular comprising a fronto-temporal network. In contrast, we found no significant associations with clinical sum scores, dynamic functional connectivity or global connectivity measures. Conclusion Adding to the ongoing pursuit of individual-based treatment, the results show subtyping based on a dimensional conceptualization and unique constellations of anxiety and depression symptoms is supported by distinct brain static functional connectivity patterns.",2018,https://doi.org/10.1101/267591,,api:openalex,[],https://openalex.org/W2795022164,provider=openalex; provider_id=https://openalex.org/W2795022164; journal=bioRxiv (Cold Spring Harbor Laboratory),bioRxiv (Cold Spring Harbor Laboratory),2018,,"['Luigi A. Maglanoc', 'Nils Inge Landrø', 'Rune Jonassen', 'Tobias Kaufmann', 'Aldo Córdova‐Palomera', 'Eva Hilland', 'Lars T. Westlye']",27,openalex,3.0,,,,,True,openalex,https://openalex.org/W2795022164,,,,,,,Global signal power in thalamus-DMN FC studies of insomnia,,,,,,
api_paper_b8617d05b8fa,A systematic review and meta-analysis of resting-state fMRI in anxiety disorders: Need for data sharing to move the field forward,,2023,https://doi.org/10.1016/j.janxdis.2023.102773,,api:openalex,[],https://openalex.org/W4386784851,provider=openalex; provider_id=https://openalex.org/W4386784851; journal=Journal of Anxiety Disorders,Journal of Anxiety Disorders,2023,,"['André Zugman', 'Laura Jett', 'Chase Antonacci', 'Anderson M. Winkler', 'Daniel S. Pine']",48,openalex,12.0,,,,,True,openalex,https://openalex.org/W4386784851,,,,,,,Global signal power in thalamus-DMN FC studies of insomnia,,,,,,
api_paper_3108d4693217,Rich-club reorganization of functional brain networks in acute mild traumatic brain injury with cognitive impairment,"Background: Mild traumatic brain injury (mTBI) is typically characterized by temporally limited cognitive impairment and regarded as a brain connectome disorder. Recent findings have suggested that a higher level of organization named the ""rich-club"" may play a central role in enabling the integration of information and efficient communication across different systems of the brain. However, the alterations in rich-club organization and hub topology in mTBI and its relationship with cognitive impairment after mTBI have been scarcely elucidated. Methods: Resting-state functional magnetic resonance imaging (rs-fMRI) data were collected from 88 patients with mTBI and 85 matched healthy controls (HCs). Large-scale functional brain networks were established for each participant. Rich-club organizations and network properties were assessed and analyzed between groups. Finally, we analyzed the correlations between the cognitive performance and changes in rich-club organization and network properties. Results: Both mTBI and HCs groups showed significant rich-club organization. Meanwhile, the rich-club organization was aberrant, with enhanced functional connectivity (FC) among rich-club nodes and peripheral regions in acute mTBI. In addition, significant differences in partial global and local network topological property measures were found between mTBI patients and HCs (P<0.01). In patients with mTBI, changes in rich-club organization and network properties were found to be related to early cognitive impairment after mTBI (P<0.05). Conclusions: Our findings suggest that such patterns of disruption and reorganization will provide the basic functional architecture for cognitive function, which may subsequently be used as an earlier biomarker for cognitive impairment after mTBI.",2022,https://doi.org/10.21037/qims-21-915,,api:openalex,[],https://openalex.org/W4283837412,provider=openalex; provider_id=https://openalex.org/W4283837412; journal=Quantitative Imaging in Medicine and Surgery,Quantitative Imaging in Medicine and Surgery,2022,,"['Fengfang Li', 'Yin Liu', 'Liyan Lu', 'Song’an Shang', 'Huiyou Chen', 'Nasir Ahmad Haidari', 'Peng Wang', 'Xindao Yin', 'Yu‐Chen Chen']",18,openalex,3.6,,,,,True,openalex,https://openalex.org/W4283837412,,,,,,,Global signal power in thalamus-DMN FC studies of insomnia,,,,,,
api_paper_70a0801c7770,Resting‐state brain entropy in right temporal lobe epilepsy and its relationship with alertness,"BACKGROUND: To date, no functional MRI (fMRI) studies have focused on brain entropy in right temporal lobe epilepsy (rTLE) patients. Here, we characterized brain entropy (BEN) alterations in patients with rTLE using resting-state functional MRI(rs-fMRI) and explored the relationship between BEN and alertness. METHOD: Thirty-one rTLE patients and 33 controls underwent MRI scanning to investigate differences in BEN and resting-state functional connectivity (rs-FC) in regions of interest (ROIs) between patients and controls. Correlation analyses were performed to examine relationships between the BEN of each ROI and alertness reaction times (RTs) in rTLE patients. RESULTS: Compared with controls, the BEN of rTLE patients was significantly increased in the right middle temporal gyrus, inferior temporal gyrus, and other regions of the left hemisphere and significantly decreased in the right middle frontal gyrus and left supplementary motor area (p < .05). The rs-FCs between the ROIs (at p < .01, with the left superior parietal lobule and right precentral gyrus defined as ROI1 and ROI2, respectively) and the whole brain showed an increasing trend in rTLE patients. In addition, the BEN of ROI2 was associated with the intrinsic alertness and phasic alertness RTs of patients with rTLE. CONCLUSIONS: Our findings suggest that BEN is altered in patients with rTLE and that decreased BEN in the right precentral gyrus is positively related to intrinsic and phasic alertness; the abnormal FC in the brain regions with altered entropy suggests a reconstruction of brain functional connectivity. These findings suggest that BEN mapping may provide a useful tool for probing brain mechanisms related to TLE.",2019,https://doi.org/10.1002/brb3.1446,,api:openalex,[],https://openalex.org/W2979356770,provider=openalex; provider_id=https://openalex.org/W2979356770; journal=Brain and Behavior,Brain and Behavior,2019,,"['Muhua Zhou', 'Wenyu Jiang', 'Dan Zhong', 'Jinou Zheng']",14,openalex,1.75,,,,,True,openalex,https://openalex.org/W2979356770,,,,,,,Global signal power in thalamus-DMN FC studies of insomnia,,,,,,
api_paper_ccf82a203b27,Exploring the Lifelong Changes of Interaction between Cingulo-Opercular Network and Other Cognitive Control Related Functional Networks Based on Multiple Connectivity Indices,"BACKGROUND: The cingulo-opercular network (CON) has been proposed to play a central role in cognitive control. The lifetime change mechanism of its integrity and interaction with other cognitive control-related functional networks (CCRNs) is closely associated with developing cognitive control behaviors but needs further elucidation. METHODS: The resting-state functional magnetic resonance imaging data were recorded from 207 subjects, who were divided into three age groups: age 4-20, 21-59, and 60-85 years old. For each group, multiple indices (cross-correlation, total independence, and Granger causality) within CON and between CON and other cognitive control-related functional networks (dorsal attention network, DAN; central executive network, CEN; default mode network, DMN) were calculated and correlated with age to yield maps that delineated the changing pattern of CON-related interaction. RESULTS: We found three main results. (1) The connectivity indices within the CON and between CON and the other three CCRNs showed significant enhancement from childhood to early adulthood (age 4-20 years), (2) mild attenuation within CON from early adulthood to middle age (age 21-59 years), and (3) significant attenuation within CON and between CON and DMN in the elder group (age 60-85 years). CONCLUSIONS: The results indicated the prominently increased integrity of within-CON and CON-CCRNs communication, mildly weakened within-CON communication, and significantly attenuated within-CON and CON-DMN communication, characterizing distinct changing patterns of CON-interaction at three different stages that covered a life-long span.",2023,https://doi.org/10.31083/j.jin2203074,,api:openalex,[],https://openalex.org/W4377193222,provider=openalex; provider_id=https://openalex.org/W4377193222; journal=Journal of Integrative Neuroscience,Journal of Integrative Neuroscience,2023,,"['Bukui Han', 'Guodong Wei', 'Fengyu Dou', 'Junhui Zhang', 'Xiaotong Wen']",8,openalex,2.0,,,,,True,openalex,https://openalex.org/W4377193222,,,,,,,Global signal power in thalamus-DMN FC studies of insomnia,,,,,,
api_paper_36d5d3adcde6,Global connectivity of the frontoparietal cognitive control network is related to depression symptoms in the general population,"ABSTRACT We all vary in our mental health, even among people not meeting diagnostic criteria for mental illness. Understanding this individual variability may reveal factors driving the risk for mental illness, as well as factors driving sub-clinical problems that still adversely affect quality of life. To better understand the large-scale brain network mechanisms underlying this variability we examined the relationship between mental health symptoms and resting-state functional connectivity patterns in cognitive control systems. One such system is the frontoparietal cognitive control network (FPN). Changes in FPN connectivity may impact mental health by disrupting the ability to regulate symptoms in a goal-directed manner. Here we test the hypothesis that FPN dysconnectivity relates to mental health symptoms even among individuals who do not meet formal diagnostic criteria but may exhibit meaningful symptom variation. We found that depression symptoms severity negatively correlated with between-network global connectivity (BGC) of the FPN. This suggests that decreased connectivity between the FPN and the rest of the brain is related to increased depression symptoms in the general population. These findings complement previous clinical studies to support the hypothesis that global FPN connectivity contributes to the regulation of mental health symptoms across both health and disease. AUTHOR SUMMARY Understanding how large-scale network interactions in the brain contribute to (or serve a protective role against) mental health symptoms is an important step toward developing more effective mental health treatments. Here we test the hypothesis that cognitive control networks play an important role in mental health by being highly connected to other brain networks and able to serve as a feedback mechanism capable of regulating symptoms in a goal-directed manner. We found that the more well-connected the frontoparietal cognitive control network was to other networks in the brain the less depression symptoms were reported by participants. These results contribute to our understanding of how brain network interactions are related to mental health symptoms, even in individuals who have not been diagnosed with a disorder.",2017,https://doi.org/10.1101/185306,,api:openalex,[],https://openalex.org/W2752207185,provider=openalex; provider_id=https://openalex.org/W2752207185; journal=bioRxiv (Cold Spring Harbor Laboratory),bioRxiv (Cold Spring Harbor Laboratory),2017,,"['Douglas H. Schultz', 'Takuya Ito', 'Levi I. Solomyak', 'Richard H. Chen', 'Ravi D. Mill', 'Alan Anticevic', 'Michael W. Cole']",4,openalex,0.4,,,,,True,openalex,https://openalex.org/W2752207185,,,,,,,Global signal power in thalamus-DMN FC studies of insomnia,,,,,,
api_paper_9485e3e6aa99,Multimodal investigation of the association between shift work and the brain in a population-based sample of older adults,"Neuropsychological studies reported that shift workers show reduced cognitive performance and circadian dysfunctions which may impact structural and functional brain networks. Here we tested the hypothesis whether night shift work is associated with resting-state functional connectivity (RSFC), cortical thickness and gray matter volume in participants of the 1000BRAINS study for whom information on night shift work and imaging data were available. 13 PRESENT and 89 FORMER night shift workers as well as 430 control participants who had never worked in shift (NEVER) met these criteria and were included in our study. No associations between night shift work, three graph-theoretical measures of RSFC of 7 functional brain networks and brain morphology were found after multiple comparison correction. Preceding multiple comparison correction, our results hinted at an association between more years of shift work and higher segregation of the visual network in PRESENT shift workers and between shift work experience and lower gray matter volume of the left thalamus. Extensive neuropsychological investigations supplementing objective imaging methodology did not reveal an association between night shift work and cognition after multiple comparison correction. Our pilot study suggests that night shift work does not elicit general alterations in brain networks and affects the brain only to a limited extent. These results now need to be corroborated in studies with larger numbers of participants.",2022,https://doi.org/10.1038/s41598-022-05418-1,,api:openalex,[],https://openalex.org/W4212904503,provider=openalex; provider_id=https://openalex.org/W4212904503; journal=Scientific Reports,Scientific Reports,2022,,"['Nóra Bittner', 'Horst‐Werner Korf', 'Johanna Stumme', 'Christiane Jockwitz', 'Susanne Moebus', 'Börge Schmidt', 'Nico Dragano', 'Svenja Caspers']",13,openalex,2.6,,,,,True,openalex,https://openalex.org/W4212904503,,,,,,,Global signal power in thalamus-DMN FC studies of insomnia,,,,,,
api_paper_7bf373d39ba4,Alterations of Static and Dynamic Functional Connectivity of the Nucleus Accumbens in Patients With Major Depressive Disorder,"Background Major depressive disorder (MDD) is associated with dysfunction of the reward system. As an important node in the reward system, the resting-state functional connectivity of the nucleus accumbens (NAc) is related to the etiology of MDD. However, an increasing number of recent studies propose that brain activity is dynamic over time, no study to date has examined whether the NAc dynamic functional connectivity (DFC) is changed in patients with MDD. Moreover, few studies have examined the impact of the clinical characteristics of patients with MDD. Methods A total of 220 MDD patients and 159 healthy controls (HCs), group-matched for age, sex, and education level, underwent resting-state functional magnetic resonance imagining (rs-fMRI) scans. Seed-based resting-state functional connectivity (RSFC) and DFC of the NAc were conducted. Two sample t -tests were performed to alter RSFC/DFC of NAc. In addition, we examined the association between altered RSFC/DFC and depressive severity using Pearson correlation. Finally, we divided patients with MDD into different subgroups according to clinical characteristics and tested whether there were differences between the subgroups. Results Compared with the HCs, MDD patients show reduced the NAc-based RSFC with the dorsolateral prefrontal cortex (DLPFC), hippocampus, middle temporal gyrus (MTG), inferior temporal gyrus (ITG), precuneus, and insula, and patients with MDD show reduced the NAc-based DFC with the DLPFC, ventromedial prefrontal cortex (VMPFC), ventrolateral prefrontal cortex (VLPFC), MTG, ITG, and insula. MDD severity was associated with RSFC between the NAc and precentral gyrus ( r = 0.288, p = 0.002, uncorrected) and insula ( r = 0.272, p = 0.003, uncorrected). Conclusion This study demonstrates abnormal RSFC and DFC between the NAc and distributed cerebral regions in MDD patients, characterized by decreased RSFC and DFC of the NAc connecting with the reward, executive, default-mode, and salience network. Our results expand previous descriptions of the NAc RSFC abnormalities in MDD, and the altered RSFC/DFC may reflect the disrupted function of the NAc.",2022,https://doi.org/10.3389/fpsyt.2022.877417,,api:openalex,[],https://openalex.org/W4229376278,provider=openalex; provider_id=https://openalex.org/W4229376278; journal=Frontiers in Psychiatry,Frontiers in Psychiatry,2022,,"['Bingqian Zhou', 'Yuan Chen', 'Ruiping Zheng', 'Yu Jiang', 'Shuying Li', 'Yarui Wei', 'MengZhe Zhang', 'Xinyu Gao', 'Baohong Wen', 'Shaoqiang Han', 'Jingliang Cheng']",29,openalex,5.8,,,,,True,openalex,https://openalex.org/W4229376278,,,,,,,Global signal power in thalamus-DMN FC studies of insomnia,,,,,,
api_paper_2a9ac7f3f3e2,Abnormal Spontaneous Brain Activity and Cognitive Impairment in Obstructive Sleep Apnea,"Purpose: This study aimed to explore the alterations in spontaneous brain activity in obstructive sleep apnea (OSA) using percent amplitude of fluctuation (PerAF) and investigate the relationship between abnormal spontaneous brain activity and cognitive impairment in OSA. Patients and Methods: Overall, 52 patients with moderate to severe OSA and 61 healthy controls (HCs) were eventually enrolled in this study. All participants underwent resting-state functional magnetic resonance (rs-fMRI) and T1-weighted imaging. The PerAF was calculated and compared between patients with OSA and HCs, with voxel level P < 0.001 and cluster level P < 0.05 corrected with Gaussian Random Field was be considered statistically different. A partial correlation analysis was used to assess the relationship between altered PerAF and clinical assessments in patients with OSA. Results: Compared to HCs, patients with OSA had significantly lower PerAF values in the right rectal gyrus and left superior frontal gyrus, but higher PerAF values in the right cerebellum posterior lobe and left middle frontal gyrus. The PerAF values of some specific regions in patients with OSA correlated with sleep efficiency and Montreal Cognitive Assessment scores. Additionally, support vector machine analysis showed that PerAF values in all differential brain regions could differentiate patients with OSA from HCs with good accuracy. Conclusion: Specific brain areas in OSA patients may exhibit aberrant neuronal activity, and these anomalies may be linked to decreased cognitive performance. This discovery offers fresh perspectives on these patients' neurocognition.",2022,https://doi.org/10.2147/nss.s376638,,api:openalex,[],https://openalex.org/W4294578563,provider=openalex; provider_id=https://openalex.org/W4294578563; journal=Nature and Science of Sleep,Nature and Science of Sleep,2022,,"['Wei Xie', 'Yongqiang Shu', 'Xiang Liu', 'Kunyao Li', 'Panmei Li', 'Linghong Kong', 'Pengfei Yu', 'Ling Huang', 'Ting Long', 'Li Zeng', 'Haijun Li', 'Dechang Peng']",19,openalex,3.8,,,,,True,openalex,https://openalex.org/W4294578563,,,,,,,Global signal power in thalamus-DMN FC studies of insomnia,,,,,,
api_paper_a4806501211f,Functional cortical changes in relapsing-remitting multiple sclerosis at amplitude configuration: a resting-state fMRI study,"Objective: The aim of this study was to explore the amplitude of spontaneous brain activity fluctuations in patients with relapsing–remitting multiple sclerosis (RRMS) using the amplitude of low-frequency fluctuation (ALFF) method. Methods: ALFF and SPM8 were utilized to assess alterations in regional spontaneous brain activities in patients with RRMS in comparison with healthy controls (HCs). The beta values of altered brain regions between patients with RRMS and HCs were extracted, and a receiver operating characteristic (ROC) curve was generated to calculate the sensitivities and specificities of these different brain areas for distinguishing patients with RRMS from HCs. Pearson correlation analyses were applied to assess the relationships between the beta values of altered brain regions and disease duration and Expanded Disability Status Scale (EDSS) score. Patients and participants: A total of 18 patients with RRMS (13 females; five males) and 18 sex-, age-, and education-matched HCs (14 females; four males) were recruited for this study. Measurements and results: Compared with HCs, patients with RRMS showed higher ALFF responses in the right fusiform gyrus (Brodmann area [BA] 37) and lower ALFF responses in the bilateral anterior cingulate cortices (BA 24 and 32), bilateral heads of the caudate nuclei, and bilateral brainstem. The ROC analysis revealed that the beta values of these abnormal brain areas showed high degrees of sensitivity and specificity for distinguishing patients with RRMS from HCs. The EDSS score showed a significant negative Pearson correlation with the beta value of the caudate head ( r =-0.474, P =0.047). Conclusion: RRMS is associated with disturbances in spontaneous regional brain activity in specific areas, and these specific abnormalities may provide important information about the neural mechanisms underlying behavioral impairment in RRMS. Keywords: multiple sclerosis, amplitude of low-frequency fluctuation, receiver operating characteristic, functional magnetic resonance imaging, blood oxygen level dependent, resting state",2016,https://doi.org/10.2147/ndt.s120909,,api:openalex,[],https://openalex.org/W2552130855,provider=openalex; provider_id=https://openalex.org/W2552130855; journal=Neuropsychiatric Disease and Treatment,Neuropsychiatric Disease and Treatment,2016,,"['Heng Liu', 'Hua Chen', 'Bo Wu', 'Tijiang Zhang', 'Jinhui Wang', 'Kexin Huang', 'Ganjun Song', 'Jian Zhan']",8,openalex,0.727,,,,,True,openalex,https://openalex.org/W2552130855,,,,,,,Global signal power in thalamus-DMN FC studies of insomnia,,,,,,
api_paper_3ba56e227e06,A neural regulation mechanism of head electroacupuncture on brain network of patients with stroke related sleep disorders.,"OBJECTIVE: To analyze part of the mechanism of electroacupuncture on Sishencong (EX-HN1) for stroke-related sleep disorders (SSD) and post-stroke cognitive impairment (PSCI). METHODS: Using a randomized controlled trial (RCT) design, 72 patients were assigned to the electro-acupuncture (EA) group or the sham acupuncture (SA) group. A healthy control (HC) group was also included. Both groups were given routine rehabilitation treatment. Then, patients in the EA group were given additional electroacupuncture at Sishencong (EX_HN1). Meanwhile, patients in the SA group were given a flat-head needle sham/placebo treatment placed at the bilateral Jianyu (LI15) and Binao (LI14) line midpoints and the Jianyu (LI15) and Jianzhen (SI9) line midpoints. Before and after treatment, scales were collected and analyzed. In the second phase of the study, some subjects from the EA group were selected for functional magnetic resonance imaging (fMRI) data acquisition and comparative analysis with the HC group using a non-RCT design. RESULTS: The EA group performed better than the SA group on the Pittsburgh sleep quality index (PSQI), Montreal cognitive assessment basic (MoCA_B), self-rating anxiety scale (SAS), and self-rating depression scale (SDS). Analysis of the fMRI showed that low-frequency (2 Hz) electroacupuncture stimulation at Sishencong (EX_HN1) can restrain frontal sup medial right (SFGmed.R), precuneus right (PCUN.R), and posterior cingulate cortex right (PCC.R) and enhance angular left (ANG.L), parietal inf left (IPL.L) and occipital mid left (MOG.L). The functional connectivity (FC) of SFGmed.R was positively correlated with PSQI. Electroacupuncture stimulation at Sishencong (EX_HN1) can reduce the side efficiency of the whole brain connection with the Thalamus.L, Hippocampus.L, and Occipital.Mid.L. CONCLUSIONS: Low frequency (2 Hz) electroacupuncture stimulation at Sishencong (EX_HN1) can simultaneously improve sleep quality, negative emotions, and cognitive functions, the first two of which may be related to SFGmed.R restraint. Electroacupuncture can make some brain areas approach the physiological bias state, which is characterized by dominant hemispheric enhancement and non-dominant hemispheric weakening. The reduced whole brain connection side efficiency with some key nodes of the brain net may relate to sleep quality improvements in SSD patients.",2024,https://doi.org/10.19852/j.cnki.jtcm.2024.06.011,,api:openalex,[],https://openalex.org/W4405028617,provider=openalex; provider_id=https://openalex.org/W4405028617; journal=PubMed,PubMed,2024,,"['Zhang Boyang', 'Yang Zhou', 'Feng Liyuan', 'Sui Dan', 'Hongen Lei', 'Tong Yen Dan', 'Ruoyu Wang', 'Xue Sui', 'Jing Song', 'Wang Dongyan']",14,openalex,4.667,,,,,True,openalex,https://openalex.org/W4405028617,,,,,,,Global signal power in thalamus-DMN FC studies of insomnia,,,,,,
