期刊名称,期刊简称,aisRank,jifRank,ISSN,EISSN,学科门类,总引用次数,影响因子,分区,jci,percentageOAGold,数据库
NATURE REVIEWS MOLECULAR CELL BIOLOGY,NAT REV MOL CELL BIO,1/203,1/207,1471-0072,1471-0080,CELL BIOLOGY,83533.0,118.0,Q1,7.35,1.43,SCIE
LANCET,LANCET,1/315,1/336,0140-6736,1474-547X,"MEDICINE, GENERAL & INTERNAL",378842.0,109.0,Q1,23.89,25.49,SCIE
NATURE REVIEWS DRUG DISCOVERY,NAT REV DRUG DISCOV,1/175,1/180,1474-1776,1474-1784,BIOTECHNOLOGY & APPLIED MICROBIOLOGY,57448.0,91.2,Q1,10.92,6.48,SCIE
NEW ENGLAND JOURNAL OF MEDICINE,NEW ENGL J MED,2/315,2/336,0028-4793,1533-4406,"MEDICINE, GENERAL & INTERNAL",414591.0,84.5,Q1,20.92,0.55,SCIE
Signal Transduction and Targeted Therapy,SIGNAL TRANSDUCT TAR,3/319,1/328,2095-9907,2059-3635,BIOCHEMISTRY & MOLECULAR BIOLOGY,88969.0,81.2,Q1,6.13,100.0,SCIE
Nature Reviews Disease Primers,NAT REV DIS PRIMERS,3/315,3/336,2056-676X,2056-676X,"MEDICINE, GENERAL & INTERNAL",45742.0,79.8,Q1,16.97,1.74,SCIE
World Psychiatry,WORLD PSYCHIATRY,1/285,1/293,1723-8617,2051-5545,PSYCHIATRY,17298.0,79.5,Q1,15.21,1.59,"SCIE, SSCI"
JAMA-JOURNAL OF THE AMERICAN MEDICAL ASSOCIATION,JAMA-J AM MED ASSOC,4/315,4/336,0098-7484,1538-3598,"MEDICINE, GENERAL & INTERNAL",205027.0,65.4,Q1,11.42,0.94,SCIE
NATURE,NATURE,1/135,1/140,0028-0836,1476-4687,MULTIDISCIPLINARY SCIENCES,1053832.0,56.1,Q1,10.84,53.07,SCIE
CANCER CELL,CANCER CELL,4/203,3/207,1535-6108,1878-3686,CELL BIOLOGY,64398.0,56.1,Q1,8.22,41.76,SCIE
BMJ-British Medical Journal,BMJ-BRIT MED J,5/315,5/336,0959-535X,1756-1833,"MEDICINE, GENERAL & INTERNAL",188624.0,55.1,Q1,8.91,76.76,SCIE
LANCET NEUROLOGY,LANCET NEUROL,1/285,1/296,1474-4422,1474-4465,CLINICAL NEUROLOGY,59391.0,54.6,Q1,12.67,16.97,SCIE
Nature Reviews Methods Primers,NAT REV METHOD PRIME,2/135,2/140,,2662-8449,MULTIDISCIPLINARY SCIENCES,14296.0,54.2,Q1,7.9,0.0,SCIE
NATURE MEDICINE,NAT MED,2/319,2/328,1078-8956,1546-170X,BIOCHEMISTRY & MOLECULAR BIOLOGY,154284.0,52.5,Q1,9.88,61.4,SCIE
Nature Reviews Cardiology,NAT REV CARDIOL,1/229,1/237,1759-5002,1759-5010,CARDIAC & CARDIOVASCULAR SYSTEMS,27057.0,50.2,Q1,7.8,2.07,SCIE
SCIENCE,SCIENCE,3/135,3/140,0036-8075,1095-9203,MULTIDISCIPLINARY SCIENCES,831162.0,47.3,Q1,8.74,11.3,SCIE
EUROPEAN HEART JOURNAL,EUR HEART J,3/229,2/237,0195-668X,1522-9645,CARDIAC & CARDIOVASCULAR SYSTEMS,104376.0,45.3,Q1,7.96,43.9,SCIE
CELL,CELL,1/319,3/328,0092-8674,1097-4172,BIOCHEMISTRY & MOLECULAR BIOLOGY,329596.0,45.1,Q1,6.92,44.27,SCIE
NATURE BIOTECHNOLOGY,NAT BIOTECHNOL,2/175,2/180,1087-0156,1546-1696,BIOTECHNOLOGY & APPLIED MICROBIOLOGY,111118.0,44.5,Q1,8.43,48.92,SCIE
Nature Reviews Bioengineering,NAT REV BIOENG,1/126,1/130,,2731-6092,"ENGINEERING, BIOMEDICAL",5529.0,42.7,Q1,3.11,3.47,SCIE
Molecular Cancer,MOL CANCER,6/319,4/328,,1476-4598,BIOCHEMISTRY & MOLECULAR BIOLOGY,53231.0,42.2,Q1,5.07,100.0,SCIE
Annual Review of Psychology,ANNU REV PSYCHOL,1/93,1/93,0066-4308,1545-2085,PSYCHOLOGY,35759.0,41.8,Q1,5.16,100.0,SCIE
CIRCULATION,CIRCULATION,2/229,3/237,0009-7322,1524-4539,CARDIAC & CARDIOVASCULAR SYSTEMS,186674.0,41.3,Q1,9.17,23.54,SCIE
Innovation,INNOVATION-AMSTERDAM,4/135,4/140,2666-6758,2666-6758,MULTIDISCIPLINARY SCIENCES,13607.0,39.5,Q1,3.66,100.0,ESCI
Cell Metabolism,CELL METAB,6/203,6/207,1550-4131,1932-7420,CELL BIOLOGY,73683.0,37.0,Q1,6.01,30.97,SCIE
Foundations and Trends in Machine Learning,FOUND TRENDS MACH LE,1/202,1/210,1935-8237,1935-8245,"COMPUTER SCIENCE, ARTIFICIAL INTELLIGENCE",5119.0,36.6,Q1,4.62,0.0,ESCI
Molecular Plant,MOL PLANT,7/319,5/328,1674-2052,1752-9867,BIOCHEMISTRY & MOLECULAR BIOLOGY,32597.0,32.7,Q1,4.84,23.99,SCIE
Nature Reviews Neurology,NAT REV NEUROL,2/285,2/296,1759-4758,1759-4766,CLINICAL NEUROLOGY,25085.0,31.2,Q1,5.58,0.63,SCIE
CELL RESEARCH,CELL RES,7/203,7/207,1001-0602,1748-7838,CELL BIOLOGY,30501.0,31.1,Q1,3.16,64.74,SCIE
Exploration,EXPLORATION-PRC,12/135,5/140,2766-8509,2766-2098,MULTIDISCIPLINARY SCIENCES,7152.0,30.4,Q1,2.29,100.0,ESCI
Nature Machine Intelligence,NAT MACH INTELL,2/202,2/210,,2522-5839,"COMPUTER SCIENCE, ARTIFICIAL INTELLIGENCE",23900.0,29.8,Q1,4.19,37.47,SCIE
Military Medical Research,MILITARY MED RES,10/315,6/336,2095-7467,2054-9369,"MEDICINE, GENERAL & INTERNAL",7682.0,29.0,Q1,3.85,100.0,SCIE
NATURE REVIEWS NEUROSCIENCE,NAT REV NEUROSCI,1/320,1/330,1471-003X,1471-0048,NEUROSCIENCES,54187.0,29.0,Q1,3.68,1.45,SCIE
NATURE METHODS,NAT METHODS,1/85,1/85,1548-7091,1548-7105,BIOCHEMICAL RESEARCH METHODS,142000.0,28.3,Q1,7.21,54.23,SCIE
JAMA Internal Medicine,JAMA INTERN MED,6/315,7/336,2168-6106,2168-6114,"MEDICINE, GENERAL & INTERNAL",28116.0,26.3,Q1,6.35,20.37,SCIE
Nature Biomedical Engineering,NAT BIOMED ENG,2/126,2/130,2157-846X,2157-846X,"ENGINEERING, BIOMEDICAL",24906.0,26.3,Q1,4.83,33.59,SCIE
Lancet Digital Health,LANCET DIGIT HEALTH,1/51,1/54,,2589-7500,MEDICAL INFORMATICS,11618.0,25.5,Q1,3.78,99.13,SCIE
TRENDS IN CELL BIOLOGY,TRENDS CELL BIOL,12/203,8/207,0962-8924,1879-3088,CELL BIOLOGY,21812.0,25.3,Q1,1.64,26.76,SCIE
Nature Aging,NATURE AGING,9/203,9/207,,2662-8465,CELL BIOLOGY,10875.0,25.0,Q1,4.66,44.81,SCIE
Annual Review of Biochemistry,ANNU REV BIOCHEM,4/319,6/328,0066-4154,1545-4509,BIOCHEMISTRY & MOLECULAR BIOLOGY,21229.0,24.9,Q1,1.95,100.0,SCIE
JAMA Neurology,JAMA NEUROL,3/285,3/296,2168-6149,2168-6157,CLINICAL NEUROLOGY,26720.0,23.6,Q1,6.2,33.23,SCIE
Bioactive Materials,BIOACT MATER,6/126,3/130,,2452-199X,"ENGINEERING, BIOMEDICAL",43995.0,23.6,Q1,3.92,100.0,SCIE
Computers and Education: Artificial Intelligence,COMPUT EDUC-ARTIF IN,,3/210,2666-920X,2666-920X,"COMPUTER SCIENCE, ARTIFICIAL INTELLIGENCE",7468.0,23.4,Q1,5.27,100.0,ESCI
Cell Stem Cell,CELL STEM CELL,1/31,1/32,1934-5909,1875-9777,CELL & TISSUE ENGINEERING,33534.0,23.3,Q1,4.08,39.48,SCIE
NATURE CELL BIOLOGY,NAT CELL BIOL,10/203,11/207,1465-7392,1476-4679,CELL BIOLOGY,50742.0,22.7,Q1,3.09,47.05,SCIE
JACC-Journal of the American College of Cardiology,J AM COLL CARDIOL,4/229,4/237,0735-1097,1558-3597,CARDIAC & CARDIOVASCULAR SYSTEMS,124430.0,22.3,Q1,5.11,21.6,SCIE
Journal of Extracellular Vesicles,J EXTRACELL VESICLES,24/203,12/207,,2001-3078,CELL BIOLOGY,19056.0,21.7,Q1,2.83,100.0,SCIE
Lancet Psychiatry,LANCET PSYCHIAT,2/285,2/293,2215-0366,2215-0374,PSYCHIATRY,23610.0,21.1,Q1,6.11,31.63,"SCIE, SSCI"
Cyborg and Bionic Systems,CYBORG BIONIC SYST,8/126,4/130,,2692-7632,"ENGINEERING, BIOMEDICAL",2883.0,20.9,Q1,3.09,100.0,SCIE
Science Bulletin,SCI BULL,13/135,6/140,2095-9273,2095-9281,MULTIDISCIPLINARY SCIENCES,27405.0,20.7,Q1,2.98,29.9,SCIE
IEEE TRANSACTIONS ON PATTERN ANALYSIS AND MACHINE INTELLIGENCE,IEEE T PATTERN ANAL,4/202,4/210,0162-8828,1939-3539,"COMPUTER SCIENCE, ARTIFICIAL INTELLIGENCE",123304.0,20.4,Q1,3.93,5.12,SCIE
NATURE NEUROSCIENCE,NAT NEUROSCI,2/320,3/330,1097-6256,1546-1726,NEUROSCIENCES,79106.0,20.3,Q1,5.35,47.19,SCIE
Nature Computational Science,NAT COMPUT SCI,6/135,7/140,,2662-8457,MULTIDISCIPLINARY SCIENCES,6661.0,20.3,Q1,3.6,29.75,SCIE
TRENDS IN COGNITIVE SCIENCES,TRENDS COGN SCI,1/55,1/57,1364-6613,1879-307X,BEHAVIORAL SCIENCES,40204.0,20.3,Q1,2.54,34.8,SCIE
Bone Research,BONE RES,2/31,2/32,2095-4700,2095-6231,CELL & TISSUE ENGINEERING,8555.0,20.1,Q1,3.37,100.0,SCIE
Radiology-Artificial Intelligence,RADIOL-ARTIF INTELL,6/202,5/210,2638-6100,2638-6100,"COMPUTER SCIENCE, ARTIFICIAL INTELLIGENCE",4771.0,20.1,Q1,3.22,17.39,SCIE
PSYCHOLOGICAL BULLETIN,PSYCHOL BULL,2/93,2/93,0033-2909,1939-1455,PSYCHOLOGY,67853.0,19.9,Q1,4.52,37.84,SCIE
Molecular Neurodegeneration,MOL NEURODEGENER,10/320,5/330,,1750-1326,NEUROSCIENCES,14388.0,19.6,Q1,3.58,100.0,SCIE
Translational Neurodegeneration,TRANSL NEURODEGENER,12/320,6/330,2047-9158,2047-9158,NEUROSCIENCES,6340.0,19.1,Q1,2.78,100.0,SCIE
JACC-Cardiovascular Imaging,JACC-CARDIOVASC IMAG,8/229,5/237,1936-878X,1876-7591,CARDIAC & CARDIOVASCULAR SYSTEMS,19131.0,19.0,Q1,4.34,31.49,SCIE
Annual Review of Medicine,ANNU REV MED,4/187,2/191,0066-4219,1545-326X,"MEDICINE, RESEARCH & EXPERIMENTAL",8605.0,18.8,Q1,2.49,100.0,SCIE
ARTIFICIAL INTELLIGENCE REVIEW,ARTIF INTELL REV,10/202,6/210,0269-2821,1573-7462,"COMPUTER SCIENCE, ARTIFICIAL INTELLIGENCE",31582.0,18.8,Q1,2.41,79.12,SCIE
TRENDS IN MICROBIOLOGY,TRENDS MICROBIOL,12/319,7/328,0966-842X,1878-4380,BIOCHEMISTRY & MOLECULAR BIOLOGY,21555.0,18.7,Q1,1.65,33.06,SCIE
Annual Review of Clinical Psychology,ANNU REV CLIN PSYCHO,3/93,3/93,1548-5943,1548-5951,PSYCHOLOGY,12319.0,18.6,Q1,2.52,98.31,SCIE
Autophagy,AUTOPHAGY,22/203,13/207,1554-8627,1554-8635,CELL BIOLOGY,34458.0,18.6,Q1,1.78,22.94,SCIE
Nature Protocols,NAT PROTOC,2/85,2/85,1754-2189,1750-2799,BIOCHEMICAL RESEARCH METHODS,62362.0,18.4,Q1,3.9,3.54,SCIE
Protein & Cell,PROTEIN CELL,14/203,14/207,1674-800X,1674-8018,CELL BIOLOGY,9917.0,18.2,Q1,1.5,100.0,SCIE
Nature Communications,NAT COMMUN,7/135,8/140,,2041-1723,MULTIDISCIPLINARY SCIENCES,1166083.0,18.1,Q1,3.47,99.94,SCIE
National Science Review,NATL SCI REV,11/135,8/140,2095-5138,2053-714X,MULTIDISCIPLINARY SCIENCES,25850.0,18.1,Q1,2.74,100.0,SCIE
PROGRESS IN LIPID RESEARCH,PROG LIPID RES,17/319,8/328,0163-7827,1873-2194,BIOCHEMISTRY & MOLECULAR BIOLOGY,8950.0,18.1,Q1,1.75,50.72,SCIE
TRENDS IN MOLECULAR MEDICINE,TRENDS MOL MED,15/319,8/328,1471-4914,1471-499X,BIOCHEMISTRY & MOLECULAR BIOLOGY,15407.0,18.1,Q1,1.46,31.13,SCIE
JAMA Psychiatry,JAMA PSYCHIAT,3/285,3/293,2168-622X,2168-6238,PSYCHIATRY,28366.0,18.0,Q1,4.68,25.0,"SCIE, SSCI"
CIRCULATION RESEARCH,CIRC RES,6/229,6/237,0009-7330,1524-4571,CARDIAC & CARDIOVASCULAR SYSTEMS,68904.0,18.0,Q1,4.06,23.38,SCIE
npj Digital Medicine,NPJ DIGIT MED,2/180,1/194,2398-6352,2398-6352,HEALTH CARE SCIENCES & SERVICES,25262.0,18.0,Q1,3.72,100.0,SCIE
Nature Human Behaviour,NAT HUM BEHAV,5/135,10/140,2397-3374,2397-3374,MULTIDISCIPLINARY SCIENCES,21937.0,17.5,Q1,3.95,35.94,SCIE
EXPERIMENTAL AND MOLECULAR MEDICINE,EXP MOL MED,16/319,10/328,1226-3613,2092-6413,BIOCHEMISTRY & MOLECULAR BIOLOGY,25742.0,17.5,Q1,2.12,100.0,SCIE
Information Fusion,INFORM FUSION,7/202,7/210,1566-2535,1872-6305,"COMPUTER SCIENCE, ARTIFICIAL INTELLIGENCE",40171.0,17.4,Q1,3.07,15.32,SCIE
ANNALS OF INTERNAL MEDICINE,ANN INTERN MED,9/315,9/336,0003-4819,1539-3704,"MEDICINE, GENERAL & INTERNAL",69750.0,17.2,Q1,3.66,0.7,SCIE
BMEMat,BMEMAT,3/56,3/58,2751-7438,2751-7446,"MATERIALS SCIENCE, BIOMATERIALS",1593.0,17.2,Q1,1.36,100.0,ESCI
Journal of Advanced Research,J ADV RES,15/135,11/140,2090-1232,2090-1224,MULTIDISCIPLINARY SCIENCES,21564.0,17.1,Q1,3.3,100.0,SCIE
Neuron,NEURON,6/320,8/330,0896-6273,1097-4199,NEUROSCIENCES,108660.0,16.9,Q1,3.79,35.44,SCIE
Cell Discovery,CELL DISCOV,18/203,16/207,,2056-5968,CELL BIOLOGY,8357.0,16.9,Q1,1.86,100.0,SCIE
TRENDS IN BIOTECHNOLOGY,TRENDS BIOTECHNOL,5/175,3/180,0167-7799,1879-3096,BIOTECHNOLOGY & APPLIED MICROBIOLOGY,21544.0,16.6,Q1,1.64,28.57,SCIE
Biomedical Technology,BIOMED TECHNOL-PRC,10/126,5/130,,2949-723X,"ENGINEERING, BIOMEDICAL",1023.0,16.4,Q1,2.31,100.0,ESCI
Redox Biology,REDOX BIOL,27/319,11/328,2213-2317,2213-2317,BIOCHEMISTRY & MOLECULAR BIOLOGY,46483.0,16.2,Q1,2.9,99.92,SCIE
Artificial Intelligence in Agriculture,ARTIF INTELL AGR,26/202,8/210,2097-2113,2589-7217,"COMPUTER SCIENCE, ARTIFICIAL INTELLIGENCE",2650.0,16.1,Q1,2.8,99.28,SCIE
Molecular Cell,MOL CELL,5/319,12/328,1097-2765,1097-4164,BIOCHEMISTRY & MOLECULAR BIOLOGY,88599.0,16.0,Q1,2.6,39.49,SCIE
IEEE Reviews in Biomedical Engineering,IEEE REV BIOMED ENG,4/126,6/130,1937-3333,1941-1189,"ENGINEERING, BIOMEDICAL",3840.0,16.0,Q1,2.52,22.0,SCIE
AMERICAN JOURNAL OF PSYCHIATRY,AM J PSYCHIAT,4/285,4/293,0002-953X,1535-7228,PSYCHIATRY,40251.0,15.9,Q1,3.67,1.0,"SCIE, SSCI"
IEEE TRANSACTIONS ON EVOLUTIONARY COMPUTATION,IEEE T EVOLUT COMPUT,14/202,9/210,1089-778X,1941-0026,"COMPUTER SCIENCE, ARTIFICIAL INTELLIGENCE",29066.0,15.9,Q1,2.96,8.42,SCIE
Nature Chemical Biology,NAT CHEM BIOL,8/319,13/328,1552-4450,1552-4469,BIOCHEMISTRY & MOLECULAR BIOLOGY,35656.0,15.8,Q1,3.05,29.08,SCIE
Lancet Regional Health-Europe,LANCET REG HEALTH-EU,3/180,2/194,2666-7762,2666-7762,HEALTH CARE SCIENCES & SERVICES,9075.0,15.7,Q1,4.51,99.82,SCIE
TRENDS IN NEUROSCIENCES,TRENDS NEUROSCI,9/320,9/330,0166-2236,1878-108X,NEUROSCIENCES,24033.0,15.7,Q1,2.06,34.91,SCIE
Cardiovascular Diabetology,CARDIOVASC DIABETOL,24/229,7/237,,1475-2840,CARDIAC & CARDIOVASCULAR SYSTEMS,28480.0,15.6,Q1,3.17,100.0,SCIE
Science Translational Medicine,SCI TRANSL MED,15/203,18/207,1946-6234,1946-6242,CELL BIOLOGY,58152.0,15.6,Q1,3.13,4.66,SCIE
JACC: CardioOncology,JACC-CARDIOONCOL,9/229,8/237,2666-0873,2666-0873,CARDIAC & CARDIOVASCULAR SYSTEMS,4039.0,15.5,Q1,2.73,100.0,SCIE
AGEING RESEARCH REVIEWS,AGEING RES REV,27/203,19/207,1568-1637,1872-9649,CELL BIOLOGY,32111.0,15.5,Q1,1.61,28.2,SCIE
IEEE TRANSACTIONS ON IMAGE PROCESSING,IEEE T IMAGE PROCESS,8/202,10/210,1057-7149,1941-0042,"COMPUTER SCIENCE, ARTIFICIAL INTELLIGENCE",95219.0,15.3,Q1,2.23,2.07,SCIE
JAMA Cardiology,JAMA CARDIOL,5/229,9/237,2380-6583,2380-6591,CARDIAC & CARDIOVASCULAR SYSTEMS,16454.0,15.2,Q1,3.71,21.61,SCIE
REVIEWS IN ENVIRONMENTAL SCIENCE AND BIO-TECHNOLOGY,REV ENVIRON SCI BIO,12/175,4/180,1569-1705,1572-9826,BIOTECHNOLOGY & APPLIED MICROBIOLOGY,6785.0,15.1,Q1,1.12,30.63,SCIE
NUCLEIC ACIDS RESEARCH,NUCLEIC ACIDS RES,10/319,14/328,0305-1048,1362-4962,BIOCHEMISTRY & MOLECULAR BIOLOGY,318538.0,15.0,Q1,3.06,99.74,SCIE
JOURNAL OF NANOBIOTECHNOLOGY,J NANOBIOTECHNOL,13/175,5/180,,1477-3155,BIOTECHNOLOGY & APPLIED MICROBIOLOGY,44212.0,15.0,Q1,1.98,100.0,SCIE
Wiley Interdisciplinary Reviews-Data Mining and Knowledge Discovery,WIRES DATA MIN KNOWL,20/202,11/210,1942-4787,1942-4795,"COMPUTER SCIENCE, ARTIFICIAL INTELLIGENCE",6540.0,15.0,Q1,1.08,41.79,SCIE
Theranostics,THERANOSTICS,16/187,6/191,1838-7640,1838-7640,"MEDICINE, RESEARCH & EXPERIMENTAL",56535.0,14.9,Q1,2.87,99.92,SCIE
Advances in Methods and Practices in Psychological Science,ADV METH PRACT PSYCH,4/93,4/93,2515-2459,2515-2467,PSYCHOLOGY,4829.0,14.6,Q1,5.12,100.0,SCIE
Biomarker Research,BIOMARK RES,15/187,7/191,,2050-7771,"MEDICINE, RESEARCH & EXPERIMENTAL",7601.0,14.6,Q1,1.8,100.0,SCIE
Genes & Diseases,GENES DIS,41/319,15/328,2352-4820,2352-3042,BIOCHEMISTRY & MOLECULAR BIOLOGY,9105.0,14.6,Q1,1.69,98.09,SCIE
Interdisciplinary Medicine,INTERD MED,24/187,8/191,2832-6237,2832-6245,"MEDICINE, RESEARCH & EXPERIMENTAL",1426.0,14.5,Q1,1.9,100.0,ESCI
JOURNAL OF BIOMEDICAL SCIENCE,J BIOMED SCI,34/203,20/207,1021-7770,1423-0127,CELL BIOLOGY,12330.0,14.5,Q1,1.67,100.0,SCIE
TRENDS IN BIOCHEMICAL SCIENCES,TRENDS BIOCHEM SCI,11/319,16/328,0968-0004,1362-4326,BIOCHEMISTRY & MOLECULAR BIOLOGY,20954.0,14.4,Q1,1.18,32.23,SCIE
JOURNAL OF CLINICAL INVESTIGATION,J CLIN INVEST,6/187,10/191,0021-9738,1558-8238,"MEDICINE, RESEARCH & EXPERIMENTAL",120571.0,14.3,Q1,2.93,99.14,SCIE
MedComm,MEDCOMM,20/187,11/191,,2688-2663,"MEDICINE, RESEARCH & EXPERIMENTAL",10178.0,14.1,Q1,1.64,100.0,ESCI
BIOTECHNOLOGY ADVANCES,BIOTECHNOL ADV,10/175,6/180,0734-9750,1873-1899,BIOTECHNOLOGY & APPLIED MICROBIOLOGY,29250.0,14.1,Q1,1.38,24.36,SCIE
MEDICAL IMAGE ANALYSIS,MED IMAGE ANAL,11/202,12/210,1361-8415,1361-8423,"COMPUTER SCIENCE, ARTIFICIAL INTELLIGENCE",32042.0,14.0,Q1,2.67,33.76,SCIE
Cell Reports Medicine,CELL REP MED,23/203,21/207,2666-3791,2666-3791,CELL BIOLOGY,15797.0,14.0,Q1,2.33,99.73,SCIE
Science Advances,SCI ADV,10/135,12/140,,2375-2548,MULTIDISCIPLINARY SCIENCES,226461.0,13.9,Q1,2.79,99.91,SCIE
Annual Review of Neuroscience,ANNU REV NEUROSCI,5/320,10/330,0147-006X,1545-4126,NEUROSCIENCES,14783.0,13.8,Q1,1.81,100.0,SCIE
MOLECULAR ASPECTS OF MEDICINE,MOL ASPECTS MED,31/319,17/328,0098-2997,1872-9452,BIOCHEMISTRY & MOLECULAR BIOLOGY,10413.0,13.8,Q1,1.24,42.07,SCIE
IEEE Geoscience and Remote Sensing Magazine,IEEE GEOSC REM SEN M,1/37,1/39,2473-2397,2168-6831,IMAGING SCIENCE & PHOTOGRAPHIC TECHNOLOGY,6635.0,13.7,Q1,3.11,4.9,SCIE
Plant Communications,PLANT COMMUN,25/319,18/328,2590-3462,2590-3462,BIOCHEMISTRY & MOLECULAR BIOLOGY,7450.0,13.7,Q1,2.38,100.0,SCIE
BIOMATERIALS,BIOMATERIALS,9/126,8/130,0142-9612,1878-5905,"ENGINEERING, BIOMEDICAL",110718.0,13.6,Q1,2.34,16.0,SCIE
CELL DEATH AND DIFFERENTIATION,CELL DEATH DIFFER,21/319,19/328,1350-9047,1476-5403,BIOCHEMISTRY & MOLECULAR BIOLOGY,36020.0,13.6,Q1,2.23,49.69,SCIE
PLANT CELL,PLANT CELL,20/319,20/328,1040-4651,1532-298X,BIOCHEMISTRY & MOLECULAR BIOLOGY,68439.0,13.5,Q1,2.4,38.35,SCIE
COMPUTATIONAL LINGUISTICS,COMPUT LINGUIST,18/202,13/210,0891-2017,1530-9312,"COMPUTER SCIENCE, ARTIFICIAL INTELLIGENCE",3750.0,13.4,Q1,4.41,100.0,SCIE
CYTOKINE & GROWTH FACTOR REVIEWS,CYTOKINE GROWTH F R,39/319,21/328,1359-6101,1879-0305,BIOCHEMISTRY & MOLECULAR BIOLOGY,9350.0,13.4,Q1,1.02,28.42,SCIE
Med,MED-CAMBRIDGE,9/187,14/191,2666-6359,2666-6340,"MEDICINE, RESEARCH & EXPERIMENTAL",3592.0,13.3,Q1,2.72,36.65,ESCI
Meta-Radiology,META-RADIOLOGY,12/202,14/210,,2950-1628,"COMPUTER SCIENCE, ARTIFICIAL INTELLIGENCE",696.0,13.3,Q1,2.32,100.0,ESCI
NEURO-ONCOLOGY,NEURO-ONCOLOGY,4/285,4/296,1522-8517,1523-5866,CLINICAL NEUROLOGY,27081.0,13.1,Q1,2.79,39.62,SCIE
Molecular Biomedicine,MOL BIOMED,40/319,22/328,,2662-8651,BIOCHEMISTRY & MOLECULAR BIOLOGY,2618.0,13.0,Q1,1.23,100.0,ESCI
ISPRS JOURNAL OF PHOTOGRAMMETRY AND REMOTE SENSING,ISPRS J PHOTOGRAMM,3/37,2/39,0924-2716,1872-8235,IMAGING SCIENCE & PHOTOGRAPHIC TECHNOLOGY,37899.0,12.9,Q1,2.52,28.96,SCIE
Annual Review of Biophysics,ANNU REV BIOPHYS,2/79,1/81,1936-122X,1936-1238,BIOPHYSICS,4597.0,12.9,Q1,2.3,100.0,SCIE
Research,RESEARCH-CHINA,17/135,13/140,2096-5168,2639-5274,MULTIDISCIPLINARY SCIENCES,12839.0,12.9,Q1,2.01,100.0,SCIE
Alzheimers & Dementia,ALZHEIMERS DEMENT,7/285,5/296,1552-5260,1552-5279,CLINICAL NEUROLOGY,47030.0,12.8,Q1,3.27,90.78,SCIE
EClinicalMedicine,ECLINICALMEDICINE,15/315,10/336,,2589-5370,"MEDICINE, GENERAL & INTERNAL",28691.0,12.8,Q1,3.07,99.82,SCIE
PLANT BIOTECHNOLOGY JOURNAL,PLANT BIOTECHNOL J,8/175,7/180,1467-7644,1467-7652,BIOTECHNOLOGY & APPLIED MICROBIOLOGY,25693.0,12.8,Q1,2.29,100.0,SCIE
Smart Medicine,SMART MED,13/126,9/130,2751-1871,2751-1871,"ENGINEERING, BIOMEDICAL",1239.0,12.8,Q1,1.25,100.0,ESCI
JACC-Cardiovascular Interventions,JACC-CARDIOVASC INTE,11/229,10/237,1936-8798,1876-7605,CARDIAC & CARDIOVASCULAR SYSTEMS,20352.0,12.7,Q1,2.82,25.3,SCIE
BRAIN,BRAIN,5/285,6/296,0006-8950,1460-2156,CLINICAL NEUROLOGY,68603.0,12.6,Q1,3.29,55.34,SCIE
Nature Cardiovascular Research,NAT CARDIOVASC RES,7/229,11/237,,2731-0590,CARDIAC & CARDIOVASCULAR SYSTEMS,3499.0,12.6,Q1,2.88,44.87,ESCI
CARDIOVASCULAR RESEARCH,CARDIOVASC RES,13/229,12/237,0008-6363,1755-3245,CARDIAC & CARDIOVASCULAR SYSTEMS,31432.0,12.5,Q1,2.76,47.05,SCIE
JAMA Health Forum,JAMA-HEALTH FORUM,1/180,3/194,2689-0186,2689-0186,HEALTH CARE SCIENCES & SERVICES,5374.0,12.5,Q1,2.71,100.0,SCIE
Journal of Integrative Plant Biology,J INTEGR PLANT BIOL,30/319,23/328,1672-9072,1744-7909,BIOCHEMISTRY & MOLECULAR BIOLOGY,17256.0,12.5,Q1,2.1,28.74,SCIE
Journal of Translational Internal Medicine,J TRANSL INTERN MED,41/315,11/336,2450-131X,2224-4018,"MEDICINE, GENERAL & INTERNAL",2111.0,12.5,Q1,1.93,93.98,SCIE
NATURAL PRODUCT REPORTS,NAT PROD REP,32/319,23/328,0265-0568,1460-4752,BIOCHEMISTRY & MOLECULAR BIOLOGY,14406.0,12.5,Q1,1.39,41.71,SCIE
Annual Review of Cell and Developmental Biology,ANNU REV CELL DEV BI,13/203,26/207,1081-0706,1530-8995,CELL BIOLOGY,10152.0,12.5,Q1,1.32,100.0,SCIE
IEEE TRANSACTIONS ON MEDICAL IMAGING,IEEE T MED IMAGING,7/126,10/130,0278-0062,1558-254X,"ENGINEERING, BIOMEDICAL",43138.0,12.4,Q1,2.4,10.4,SCIE
Cancer Biology & Medicine,CANCER BIOL MED,30/187,16/191,2095-3941,2095-3941,"MEDICINE, RESEARCH & EXPERIMENTAL",4958.0,12.4,Q1,1.26,100.0,SCIE
REMOTE SENSING OF ENVIRONMENT,REMOTE SENS ENVIRON,2/37,4/39,0034-4257,1879-0704,IMAGING SCIENCE & PHOTOGRAPHIC TECHNOLOGY,106374.0,12.3,Q1,2.16,42.49,SCIE
Annual Review of Animal Biosciences,ANNU REV ANIM BIOSCI,7/175,8/180,2165-8102,2165-8110,BIOTECHNOLOGY & APPLIED MICROBIOLOGY,2743.0,12.3,Q1,1.89,98.21,SCIE
CELLULAR & MOLECULAR BIOLOGY LETTERS,CELL MOL BIOL LETT,42/319,25/328,1425-8153,1689-1392,BIOCHEMISTRY & MOLECULAR BIOLOGY,7176.0,12.2,Q1,1.58,100.0,SCIE
Cell Death & Disease,CELL DEATH DIS,40/203,27/207,2041-4889,2041-4889,CELL BIOLOGY,85182.0,12.2,Q1,1.43,100.0,SCIE
Cardiac Failure Review,CARD FAIL REV,,13/237,2057-7540,2057-7559,CARDIAC & CARDIOVASCULAR SYSTEMS,1211.0,12.2,Q1,1.19,100.0,ESCI
JACC-Heart Failure,JACC-HEART FAIL,10/229,14/237,2213-1779,2213-1787,CARDIAC & CARDIOVASCULAR SYSTEMS,11007.0,11.9,Q1,2.89,27.78,SCIE
BIOSENSORS & BIOELECTRONICS,BIOSENS BIOELECTRON,9/79,2/81,0956-5663,1873-4235,BIOPHYSICS,85537.0,11.8,Q1,2.19,14.4,SCIE
Physics of Life Reviews,PHYS LIFE REV,5/105,1/106,1571-0645,1873-1457,BIOLOGY,2913.0,11.8,Q1,1.99,44.79,SCIE
Transactions of the Association for Computational Linguistics,T ASSOC COMPUT LING,23/202,15/210,,2307-387X,"COMPUTER SCIENCE, ARTIFICIAL INTELLIGENCE",8008.0,11.7,Q1,6.69,99.64,SCIE
JAMA Network Open,JAMA NETW OPEN,11/315,12/336,2574-3805,2574-3805,"MEDICINE, GENERAL & INTERNAL",100474.0,11.7,Q1,3.13,99.94,SCIE
International Journal of Biological Sciences,INT J BIOL SCI,43/319,26/328,1449-2288,1449-2288,BIOCHEMISTRY & MOLECULAR BIOLOGY,27120.0,11.7,Q1,2.24,99.9,SCIE
NEJM Evidence,NEJM EVID,8/315,13/336,,2766-5526,"MEDICINE, GENERAL & INTERNAL",4480.0,11.6,Q1,3.56,1.18,ESCI
JOURNAL OF EXPERIMENTAL MEDICINE,J EXP MED,5/187,17/191,0022-1007,1540-9538,"MEDICINE, RESEARCH & EXPERIMENTAL",60274.0,11.6,Q1,2.42,43.04,SCIE
IEEE TRANSACTIONS ON KNOWLEDGE AND DATA ENGINEERING,IEEE T KNOWL DATA EN,19/202,16/210,1041-4347,1558-2191,"COMPUTER SCIENCE, ARTIFICIAL INTELLIGENCE",40205.0,11.6,Q1,2.4,2.38,SCIE
SLEEP MEDICINE REVIEWS,SLEEP MED REV,6/285,7/296,1087-0792,1532-2955,CLINICAL NEUROLOGY,18260.0,11.6,Q1,2.06,37.02,SCIE
Cell Communication and Signaling,CELL COMMUN SIGNAL,44/203,29/207,,1478-811X,CELL BIOLOGY,21707.0,11.6,Q1,1.12,100.0,SCIE
Journal of Neuroinflammation,J NEUROINFLAMM,23/320,13/330,,1742-2094,NEUROSCIENCES,37393.0,11.5,Q1,2.4,100.0,SCIE
ADVANCED ENGINEERING INFORMATICS,ADV ENG INFORM,34/202,17/210,1474-0346,1873-5320,"COMPUTER SCIENCE, ARTIFICIAL INTELLIGENCE",26341.0,11.5,Q1,2.26,12.39,SCIE
Annual Review of Biomedical Engineering,ANNU REV BIOMED ENG,5/126,11/130,1523-9829,1545-4274,"ENGINEERING, BIOMEDICAL",5920.0,11.5,Q1,1.09,100.0,SCIE
MOLECULAR THERAPY,MOL THER,6/175,10/180,1525-0016,1525-0024,BIOTECHNOLOGY & APPLIED MICROBIOLOGY,32897.0,11.4,Q1,2.57,35.37,SCIE
npj Biofilms and Microbiomes,NPJ BIOFILMS MICROBI,11/175,10/180,,2055-5008,BIOTECHNOLOGY & APPLIED MICROBIOLOGY,7589.0,11.4,Q1,2.23,100.0,SCIE
IEEE Transactions on Affective Computing,IEEE T AFFECT COMPUT,25/202,18/210,1949-3045,1949-3045,"COMPUTER SCIENCE, ARTIFICIAL INTELLIGENCE",12670.0,11.3,Q1,1.99,9.55,SCIE
IEEE Transactions on Cybernetics,IEEE T CYBERNETICS,15/202,18/210,2168-2267,2168-2275,"COMPUTER SCIENCE, ARTIFICIAL INTELLIGENCE",51017.0,11.3,Q1,1.87,1.93,SCIE
EBioMedicine,EBIOMEDICINE,13/187,19/191,2352-3964,2352-3964,"MEDICINE, RESEARCH & EXPERIMENTAL",38337.0,11.2,Q1,2.43,100.0,SCIE
BIOCHIMICA ET BIOPHYSICA ACTA-REVIEWS ON CANCER,BBA-REV CANCER,38/319,27/328,0304-419X,1879-2561,BIOCHEMISTRY & MOLECULAR BIOLOGY,13936.0,11.2,Q1,1.31,26.85,SCIE
STROKE,STROKE,13/285,8/296,0039-2499,1524-4628,CLINICAL NEUROLOGY,76353.0,11.1,Q1,2.4,16.12,SCIE
Cochrane Database of Systematic Reviews,COCHRANE DB SYST REV,19/315,14/336,1469-493X,1361-6137,"MEDICINE, GENERAL & INTERNAL",81381.0,11.1,Q1,1.78,1.29,SCIE
Journal of Stroke,J STROKE,12/285,9/296,2287-6391,2287-6405,CLINICAL NEUROLOGY,2943.0,11.0,Q1,1.89,100.0,SCIE
Materials Today Bio,MATER TODAY BIO,17/126,12/130,2590-0064,2590-0064,"ENGINEERING, BIOMEDICAL",18290.0,11.0,Q1,1.83,99.95,SCIE
Journal of Remote Sensing,J REMOTE SENS-PRC,4/37,5/39,,2694-1589,IMAGING SCIENCE & PHOTOGRAPHIC TECHNOLOGY,1898.0,11.0,Q1,1.63,100.0,ESCI
Advanced Healthcare Materials,ADV HEALTHC MATER,14/126,12/130,2192-2640,2192-2659,"ENGINEERING, BIOMEDICAL",58168.0,11.0,Q1,1.39,27.11,SCIE
BIOLOGICAL REVIEWS,BIOL REV,1/105,2/106,1464-7931,1469-185X,BIOLOGY,25654.0,10.9,Q1,3.23,62.19,SCIE
BMJ Evidence-Based Medicine,BMJ EVID-BASED MED,13/315,15/336,2515-446X,2515-4478,"MEDICINE, GENERAL & INTERNAL",2777.0,10.8,Q1,2.01,49.57,SCIE
Patterns,PATTERNS,16/202,20/210,2666-3899,2666-3899,"COMPUTER SCIENCE, ARTIFICIAL INTELLIGENCE",5672.0,10.8,Q1,1.45,100.0,ESCI
ACM Transactions on Intelligent Systems and Technology,ACM T INTEL SYST TEC,28/202,21/210,2157-6904,2157-6912,"COMPUTER SCIENCE, ARTIFICIAL INTELLIGENCE",8315.0,10.7,Q1,1.96,14.36,SCIE
PROGRESS IN CARDIOVASCULAR DISEASES,PROG CARDIOVASC DIS,34/229,15/237,0033-0620,1873-1740,CARDIAC & CARDIOVASCULAR SYSTEMS,7028.0,10.6,Q1,1.45,24.45,SCIE
MOLECULAR PSYCHIATRY,MOL PSYCHIATR,22/319,28/328,1359-4184,1476-5578,BIOCHEMISTRY & MOLECULAR BIOLOGY,45718.0,10.4,Q1,2.08,59.47,SCIE
Acta Biomaterialia,ACTA BIOMATER,15/126,14/130,1742-7061,1878-7568,"ENGINEERING, BIOMEDICAL",71730.0,10.4,Q1,1.68,28.75,SCIE
Cell Death Discovery,CELL DEATH DISCOV,49/203,30/207,,2058-7716,CELL BIOLOGY,21208.0,10.4,Q1,1.08,100.0,SCIE
BRITISH JOURNAL OF ANAESTHESIA,BRIT J ANAESTH,1/69,1/72,0007-0912,1471-6771,ANESTHESIOLOGY,32565.0,10.3,Q1,3.15,34.15,SCIE
ACTA NEUROPATHOLOGICA,ACTA NEUROPATHOL,8/285,10/296,0001-6322,1432-0533,CLINICAL NEUROLOGY,26249.0,10.3,Q1,3.14,81.98,SCIE
EUROPEAN JOURNAL OF HEART FAILURE,EUR J HEART FAIL,12/229,16/237,1388-9842,1879-0844,CARDIAC & CARDIOVASCULAR SYSTEMS,23392.0,10.3,Q1,2.9,52.31,SCIE
Biological Psychiatry,BIOL PSYCHIAT,16/320,15/330,0006-3223,1873-2402,NEUROSCIENCES,42076.0,10.3,Q1,2.31,34.39,SCIE
INTERNATIONAL JOURNAL OF COMPUTER VISION,INT J COMPUT VISION,5/202,22/210,0920-5691,1573-1405,"COMPUTER SCIENCE, ARTIFICIAL INTELLIGENCE",38361.0,10.3,Q1,1.58,21.65,SCIE
Implementation Science,IMPLEMENT SCI,4/180,4/194,1748-5908,1748-5908,HEALTH CARE SCIENCES & SERVICES,23777.0,10.2,Q1,3.72,100.0,SCIE
IEEE TRANSACTIONS ON FUZZY SYSTEMS,IEEE T FUZZY SYST,22/202,23/210,1063-6706,1941-0034,"COMPUTER SCIENCE, ARTIFICIAL INTELLIGENCE",28930.0,10.2,Q1,2.17,2.16,SCIE
EUROPACE,EUROPACE,27/229,17/237,1099-5129,1532-2092,CARDIAC & CARDIOVASCULAR SYSTEMS,18483.0,10.2,Q1,2.14,95.3,SCIE
NATURE STRUCTURAL & MOLECULAR BIOLOGY,NAT STRUCT MOL BIOL,9/319,29/328,1545-9993,1545-9985,BIOCHEMISTRY & MOLECULAR BIOLOGY,29500.0,10.1,Q1,2.22,47.44,SCIE
Journal of Tissue Engineering,J TISSUE ENG,6/31,3/32,2041-7314,2041-7314,CELL & TISSUE ENGINEERING,3299.0,10.1,Q1,1.34,100.0,SCIE
European Journal of Preventive Cardiology,EUR J PREV CARDIOL,25/229,18/237,2047-4873,2047-4881,CARDIAC & CARDIOVASCULAR SYSTEMS,15227.0,10.0,Q1,2.12,42.5,SCIE
Machine Intelligence Research,MACH INTELL RES,24/202,24/210,2731-538X,2731-5398,"COMPUTER SCIENCE, ARTIFICIAL INTELLIGENCE",1628.0,10.0,Q1,1.43,24.74,ESCI
PLOS MEDICINE,PLOS MED,14/315,16/336,1549-1277,1549-1676,"MEDICINE, GENERAL & INTERNAL",46452.0,9.9,Q1,2.82,100.0,SCIE
Journal of Cachexia Sarcopenia and Muscle,J CACHEXIA SARCOPENI,22/315,16/336,2190-5991,2190-6009,"MEDICINE, GENERAL & INTERNAL",17703.0,9.9,Q1,2.07,100.0,SCIE
General Psychiatry,GEN PSYCHIAT,32/285,7/293,2096-5923,2517-729X,PSYCHIATRY,2350.0,9.9,Q1,2.05,100.0,ESCI
Degenerative Neurological and Neuromuscular Disease,DEGENER NEUROL NEURO,58/285,11/296,,1179-9900,CLINICAL NEUROLOGY,623.0,9.9,Q1,1.65,100.0,ESCI
JOURNAL OF CARDIAC FAILURE,J CARD FAIL,23/229,19/237,1071-9164,1532-8414,CARDIAC & CARDIOVASCULAR SYSTEMS,8578.0,9.9,Q1,1.6,19.35,SCIE
Biomaterials Research,BIOMATER RES,19/126,15/130,1226-4601,2055-7124,"ENGINEERING, BIOMEDICAL",6095.0,9.8,Q1,1.26,100.0,SCIE
Brain Stimulation,BRAIN STIMUL,14/285,12/296,1935-861X,1876-4754,CLINICAL NEUROLOGY,14284.0,9.7,Q1,2.03,100.0,SCIE
IEEE Transactions on Neural Networks and Learning Systems,IEEE T NEUR NET LEAR,13/202,25/210,2162-237X,2162-2388,"COMPUTER SCIENCE, ARTIFICIAL INTELLIGENCE",82504.0,9.7,Q1,2.0,3.42,SCIE
Journal of Translational Medicine,J TRANSL MED,29/187,20/191,,1479-5876,"MEDICINE, RESEARCH & EXPERIMENTAL",45171.0,9.7,Q1,1.8,99.97,SCIE
Energy and AI,ENERGY AI,29/202,25/210,2666-5468,2666-5468,"COMPUTER SCIENCE, ARTIFICIAL INTELLIGENCE",5147.0,9.7,Q1,1.31,99.77,ESCI
JOURNAL OF THE AMERICAN ACADEMY OF CHILD AND ADOLESCENT PSYCHIATRY,J AM ACAD CHILD PSY,7/285,8/293,0890-8567,1527-5418,PSYCHIATRY,21250.0,9.6,Q1,3.05,32.41,"SCIE, SSCI"
Science China-Life Sciences,SCI CHINA LIFE SCI,9/105,3/106,1674-7305,1869-1889,BIOLOGY,11122.0,9.6,Q1,1.89,2.46,SCIE
Swarm and Evolutionary Computation,SWARM EVOL COMPUT,32/202,27/210,2210-6502,2210-6510,"COMPUTER SCIENCE, ARTIFICIAL INTELLIGENCE",13386.0,9.6,Q1,1.84,14.11,SCIE
BIOSCIENCE,BIOSCIENCE,4/105,4/106,0006-3568,1525-3244,BIOLOGY,22849.0,9.5,Q1,2.15,57.32,SCIE
PROCEEDINGS OF THE NATIONAL ACADEMY OF SCIENCES OF THE UNITED STATES OF AMERICA,P NATL ACAD SCI USA,14/135,14/140,0027-8424,1091-6490,MULTIDISCIPLINARY SCIENCES,766549.0,9.5,Q1,2.15,73.79,SCIE
ANESTHESIOLOGY,ANESTHESIOLOGY,2/69,2/72,0003-3022,1528-1175,ANESTHESIOLOGY,30423.0,9.4,Q1,3.41,18.09,SCIE
Lancet Regional Health-Western Pacific,LANCET REG HEALTH-W,9/180,5/194,,2666-6065,HEALTH CARE SCIENCES & SERVICES,7348.0,9.4,Q1,2.65,99.85,SCIE
IEEE TRANSACTIONS ON GEOSCIENCE AND REMOTE SENSING,IEEE T GEOSCI REMOTE,7/37,6/39,0196-2892,1558-0644,IMAGING SCIENCE & PHOTOGRAPHIC TECHNOLOGY,135929.0,9.4,Q1,1.94,3.76,SCIE
EXPERT SYSTEMS WITH APPLICATIONS,EXPERT SYST APPL,40/202,28/210,0957-4174,1873-6793,"COMPUTER SCIENCE, ARTIFICIAL INTELLIGENCE",136812.0,9.4,Q1,1.49,13.24,SCIE
BMJ Medicine,BMJ MED,12/315,18/336,,2754-0413,"MEDICINE, GENERAL & INTERNAL",1485.0,9.3,Q1,2.81,100.0,ESCI
Nature Mental Health,NAT MENT HEALTH,9/285,9/293,,2731-6076,PSYCHIATRY,2179.0,9.3,Q1,2.3,28.15,ESCI
Circulation-Arrhythmia and Electrophysiology,CIRC-ARRHYTHMIA ELEC,16/229,20/237,1941-3149,1941-3084,CARDIAC & CARDIOVASCULAR SYSTEMS,9848.0,9.3,Q1,2.24,25.0,SCIE
Cell Surface,CELL SURF,,30/328,2468-2330,2468-2330,BIOCHEMISTRY & MOLECULAR BIOLOGY,794.0,9.3,Q1,1.17,100.0,ESCI
GENOME BIOLOGY,GENOME BIOL,3/175,12/180,1474-760X,1474-760X,BIOTECHNOLOGY & APPLIED MICROBIOLOGY,80904.0,9.2,Q1,2.38,100.0,SCIE
DEVELOPMENTAL CELL,DEV CELL,19/203,32/207,1534-5807,1878-1551,CELL BIOLOGY,37205.0,9.2,Q1,2.24,33.98,SCIE
EuroIntervention,EUROINTERVENTION,19/229,21/237,1774-024X,1969-6213,CARDIAC & CARDIOVASCULAR SYSTEMS,9470.0,9.2,Q1,2.19,3.15,SCIE
BASIC RESEARCH IN CARDIOLOGY,BASIC RES CARDIOL,30/229,21/237,0300-8428,1435-1803,CARDIAC & CARDIOVASCULAR SYSTEMS,5689.0,9.2,Q1,2.03,67.98,SCIE
Lancet Regional Health-Americas,LANCET REG HEALTH-AM,7/180,6/194,2667-193X,2667-193X,HEALTH CARE SCIENCES & SERVICES,5339.0,9.1,Q1,2.44,100.0,ESCI
Circulation-Cardiovascular Imaging,CIRC-CARDIOVASC IMAG,15/229,23/237,1941-9651,1942-0080,CARDIAC & CARDIOVASCULAR SYSTEMS,8392.0,9.1,Q1,1.98,21.57,SCIE
npj Mental Health Research,NPJ MENT HEALTH RES,16/285,10/293,,2731-4251,PSYCHIATRY,845.0,9.1,Q1,1.95,100.0,ESCI
ONCOGENE,ONCOGENE,45/319,31/328,0950-9232,1476-5594,BIOCHEMISTRY & MOLECULAR BIOLOGY,59393.0,9.1,Q1,1.57,43.02,SCIE
PATTERN RECOGNITION,PATTERN RECOGN,30/202,29/210,0031-3203,1873-5142,"COMPUTER SCIENCE, ARTIFICIAL INTELLIGENCE",55105.0,9.1,Q1,1.52,12.71,SCIE
CHINESE MEDICAL JOURNAL,CHINESE MED J-PEKING,35/315,19/336,0366-6999,2542-5641,"MEDICINE, GENERAL & INTERNAL",18009.0,9.1,Q1,1.51,99.71,SCIE
BME Frontiers,BME FRONT,16/126,16/130,,2765-8031,"ENGINEERING, BIOMEDICAL",841.0,9.1,Q1,1.04,100.0,ESCI
PSYCHOTHERAPY AND PSYCHOSOMATICS,PSYCHOTHER PSYCHOSOM,5/285,11/293,0033-3190,1423-0348,PSYCHIATRY,6961.0,9.0,Q1,2.83,41.82,"SCIE, SSCI"
ENGINEERING APPLICATIONS OF ARTIFICIAL INTELLIGENCE,ENG APPL ARTIF INTEL,43/202,30/210,0952-1976,1873-6769,"COMPUTER SCIENCE, ARTIFICIAL INTELLIGENCE",57137.0,9.0,Q1,1.76,14.59,SCIE
Cell Chemical Biology,CELL CHEM BIOL,28/319,32/328,2451-9456,2451-9448,BIOCHEMISTRY & MOLECULAR BIOLOGY,10508.0,9.0,Q1,1.57,18.77,SCIE
APOPTOSIS,APOPTOSIS,67/319,32/328,1360-8185,1573-675X,BIOCHEMISTRY & MOLECULAR BIOLOGY,8879.0,9.0,Q1,1.16,22.25,SCIE
AI Open,AI OPEN,3/202,31/210,,2666-6510,"COMPUTER SCIENCE, ARTIFICIAL INTELLIGENCE",2476.0,8.9,Q1,2.48,100.0,ESCI
NEUROLOGY,NEUROLOGY,10/285,13/296,0028-3878,1526-632X,CLINICAL NEUROLOGY,103094.0,8.9,Q1,2.34,25.42,SCIE
Alzheimers Research & Therapy,ALZHEIMERS RES THER,15/285,13/296,,1758-9193,CLINICAL NEUROLOGY,15362.0,8.9,Q1,2.31,99.87,SCIE
QJM-AN INTERNATIONAL JOURNAL OF MEDICINE,QJM-INT J MED,36/315,20/336,1460-2725,1460-2393,"MEDICINE, GENERAL & INTERNAL",6592.0,8.9,Q1,1.04,27.21,SCIE
JOURNAL OF MEDICAL SYSTEMS,J MED SYST,41/180,7/194,0148-5598,1573-689X,HEALTH CARE SCIENCES & SERVICES,8300.0,8.8,Q1,1.69,42.54,SCIE
Advanced Biotechnology,ADV BIOTECHNOL-SING,19/175,13/180,,2948-2801,BIOTECHNOLOGY & APPLIED MICROBIOLOGY,468.0,8.8,Q1,1.04,100.0,ESCI
BMC Medicine,BMC MED,23/315,21/336,1741-7015,1741-7015,"MEDICINE, GENERAL & INTERNAL",38473.0,8.7,Q1,2.24,99.94,SCIE
JOURNAL OF HEADACHE AND PAIN,J HEADACHE PAIN,24/285,15/296,1129-2369,1129-2377,CLINICAL NEUROLOGY,11304.0,8.7,Q1,2.07,100.0,SCIE
Deutsches Arzteblatt International,DTSCH ARZTEBL INT,27/315,21/336,1866-0452,1866-0452,"MEDICINE, GENERAL & INTERNAL",10470.0,8.7,Q1,1.82,0.74,SCIE
International Journal of Biological Macromolecules,INT J BIOL MACROMOL,116/319,34/328,0141-8130,1879-0003,BIOCHEMISTRY & MOLECULAR BIOLOGY,294329.0,8.7,Q1,1.45,9.53,SCIE
Regenerative Biomaterials,REGEN BIOMATER,14/56,11/58,2056-3418,2056-3426,"MATERIALS SCIENCE, BIOMATERIALS",5337.0,8.7,Q1,1.16,100.0,SCIE
CRITICAL REVIEWS IN BIOTECHNOLOGY,CRIT REV BIOTECHNOL,18/175,14/180,0738-8551,1549-7801,BIOTECHNOLOGY & APPLIED MICROBIOLOGY,9397.0,8.7,Q1,0.85,8.74,SCIE
CRITICAL REVIEWS IN BIOCHEMISTRY AND MOLECULAR BIOLOGY,CRIT REV BIOCHEM MOL,33/319,34/328,1040-9238,1549-7798,BIOCHEMISTRY & MOLECULAR BIOLOGY,4172.0,8.7,Q1,0.66,13.95,SCIE
TRENDS IN CARDIOVASCULAR MEDICINE,TRENDS CARDIOVAS MED,39/229,24/237,1050-1738,1873-2615,CARDIAC & CARDIOVASCULAR SYSTEMS,4641.0,8.6,Q1,2.47,30.72,SCIE
CANADIAN MEDICAL ASSOCIATION JOURNAL,CAN MED ASSOC J,17/315,23/336,0820-3946,1488-2329,"MEDICINE, GENERAL & INTERNAL",18542.0,8.6,Q1,1.95,100.0,SCIE
Current Opinion in Chemical Engineering,CURR OPIN CHEM ENG,22/175,15/180,2211-3398,2211-3398,BIOTECHNOLOGY & APPLIED MICROBIOLOGY,6037.0,8.6,Q1,1.29,34.2,SCIE
Wiley Interdisciplinary Reviews-Nanomedicine and Nanobiotechnology,WIRES NANOMED NANOBI,45/187,21/191,1939-5116,1939-0041,"MEDICINE, RESEARCH & EXPERIMENTAL",6230.0,8.6,Q1,0.71,34.94,SCIE
npj Parkinsons Disease,NPJ PARKINSONS DIS,28/320,20/330,,2373-8057,NEUROSCIENCES,7996.0,8.5,Q1,2.1,99.87,SCIE
NEUROSCIENCE AND BIOBEHAVIORAL REVIEWS,NEUROSCI BIOBEHAV R,3/55,2/57,0149-7634,1873-7528,BEHAVIORAL SCIENCES,53277.0,8.5,Q1,1.91,53.5,SCIE
BRITISH JOURNAL OF PSYCHIATRY,BRIT J PSYCHIAT,13/285,12/293,0007-1250,1472-1465,PSYCHIATRY,24973.0,8.5,Q1,1.71,80.9,"SCIE, SSCI"
INTERNATIONAL JOURNAL OF MOLECULAR MEDICINE,INT J MOL MED,57/187,22/191,1107-3756,1791-244X,"MEDICINE, RESEARCH & EXPERIMENTAL",17861.0,8.5,Q1,1.26,95.82,SCIE
Neural Regeneration Research,NEURAL REGEN RES,76/203,35/207,1673-5374,1876-7958,CELL BIOLOGY,18350.0,8.5,Q1,1.17,98.77,SCIE
Cold Spring Harbor Perspectives in Biology,CSH PERSPECT BIOL,31/203,35/207,1943-0264,1943-0264,CELL BIOLOGY,24266.0,8.5,Q1,1.16,6.21,SCIE
aBIOTECH,ABIOTECH,15/175,16/180,2096-6326,2662-1738,BIOTECHNOLOGY & APPLIED MICROBIOLOGY,1151.0,8.5,Q1,0.94,92.37,ESCI
Molecular Therapy Oncology,MOL THER ONCOL,2/187,22/191,,2950-3299,"MEDICINE, RESEARCH & EXPERIMENTAL",4866.0,8.5,Q1,0.94,100.0,SCIE
Progress in Biomedical Engineering,PROG BIOMED ENG,12/126,17/130,,2516-1091,"ENGINEERING, BIOMEDICAL",906.0,8.5,Q1,0.71,70.83,ESCI
Extracellular Vesicles and Circulating Nucleic Acids,EXTRACELL VESICLES C,71/319,36/328,,2767-6641,BIOCHEMISTRY & MOLECULAR BIOLOGY,865.0,8.5,Q1,0.61,75.93,ESCI
Cell Genomics,CELL GENOM,16/203,38/207,2666-979X,2666-979X,CELL BIOLOGY,3832.0,8.4,Q1,1.92,100.0,ESCI
JACC-Basic to Translational Science,JACC-BASIC TRANSL SC,22/229,25/237,2452-302X,2452-302X,CARDIAC & CARDIOVASCULAR SYSTEMS,5274.0,8.4,Q1,1.88,99.64,SCIE
EMBO JOURNAL,EMBO J,19/319,37/328,0261-4189,1460-2075,BIOCHEMISTRY & MOLECULAR BIOLOGY,63452.0,8.4,Q1,1.44,86.41,SCIE
Machine Learning and Knowledge Extraction,MACH LEARN KNOW EXTR,54/202,32/210,,2504-4990,"COMPUTER SCIENCE, ARTIFICIAL INTELLIGENCE",3187.0,8.4,Q1,0.91,100.0,ESCI
Circulation-Heart Failure,CIRC-HEART FAIL,14/229,26/237,1941-3289,1941-3297,CARDIAC & CARDIOVASCULAR SYSTEMS,11196.0,8.3,Q1,2.1,22.18,SCIE
JOURNAL OF THE AMERICAN SOCIETY OF ECHOCARDIOGRAPHY,J AM SOC ECHOCARDIOG,31/229,26/237,0894-7317,,CARDIAC & CARDIOVASCULAR SYSTEMS,13120.0,8.3,Q1,1.78,15.81,SCIE
MOLECULAR MEDICINE,MOL MED,73/319,38/328,1076-1551,1528-3658,BIOCHEMISTRY & MOLECULAR BIOLOGY,11517.0,8.3,Q1,1.26,100.0,SCIE
Brain Informatics,BRAIN INFORM,,33/210,2198-4018,2198-4026,"COMPUTER SCIENCE, ARTIFICIAL INTELLIGENCE",1261.0,8.3,Q1,1.05,100.0,ESCI
BEHAVIORAL AND BRAIN SCIENCES,BEHAV BRAIN SCI,2/55,3/57,0140-525X,1469-1825,BEHAVIORAL SCIENCES,13204.0,8.2,Q1,2.25,0.0,SCIE
JOURNAL OF MEDICAL INTERNET RESEARCH,J MED INTERNET RES,22/180,8/194,1439-4456,1438-8871,HEALTH CARE SCIENCES & SERVICES,66779.0,8.2,Q1,1.59,98.36,SCIE
BIORESOURCE TECHNOLOGY,BIORESOURCE TECHNOL,29/175,17/180,0960-8524,1873-2976,BIOTECHNOLOGY & APPLIED MICROBIOLOGY,174669.0,8.2,Q1,1.5,14.07,SCIE
European Heart Journal-Cardiovascular Pharmacotherapy,EUR HEART J-CARD PHA,33/229,28/237,2055-6837,2055-6845,CARDIAC & CARDIOVASCULAR SYSTEMS,2494.0,8.2,Q1,1.43,49.7,SCIE
Biofabrication,BIOFABRICATION,22/126,18/130,1758-5082,1758-5090,"ENGINEERING, BIOMEDICAL",10551.0,8.2,Q1,1.41,65.15,SCIE
Antioxidants,ANTIOXIDANTS-BASEL,80/319,39/328,,2076-3921,BIOCHEMISTRY & MOLECULAR BIOLOGY,91446.0,8.2,Q1,1.22,99.96,SCIE
NEUROPSYCHOLOGY REVIEW,NEUROPSYCHOL REV,26/320,24/330,1040-7308,1573-6660,NEUROSCIENCES,5362.0,8.2,Q1,0.96,60.0,SCIE
MOLECULES AND CELLS,MOL CELLS,79/319,39/328,1016-8478,0219-1032,BIOCHEMISTRY & MOLECULAR BIOLOGY,6812.0,8.2,Q1,0.71,100.0,SCIE
European Journal of Internal Medicine,EUR J INTERN MED,33/315,24/336,0953-6205,1879-0828,"MEDICINE, GENERAL & INTERNAL",10443.0,8.1,Q1,1.52,35.63,SCIE
EUROPEAN NEUROPSYCHOPHARMACOLOGY,EUR NEUROPSYCHOPHARM,28/285,16/296,0924-977X,1873-7862,CLINICAL NEUROLOGY,9428.0,8.1,Q1,1.37,59.11,SCIE
VIEW,VIEW-CHINA,12/56,13/58,2688-3988,2688-268X,"MATERIALS SCIENCE, BIOMATERIALS",2065.0,8.1,Q1,0.72,100.0,ESCI
Neurology-Neuroimmunology & Neuroinflammation,NEUROL-NEUROIMMUNOL,16/285,17/296,2332-7812,2332-7812,CLINICAL NEUROLOGY,7069.0,8.0,Q1,2.28,100.0,SCIE
Research Synthesis Methods,RES SYNTH METHODS,9/135,15/140,1759-2879,1759-2887,MULTIDISCIPLINARY SCIENCES,10861.0,8.0,Q1,1.83,88.73,SCIE
FREE RADICAL BIOLOGY AND MEDICINE,FREE RADICAL BIO MED,58/319,41/328,0891-5849,1873-4596,BIOCHEMISTRY & MOLECULAR BIOLOGY,58154.0,8.0,Q1,1.74,27.24,SCIE
KNOWLEDGE-BASED SYSTEMS,KNOWL-BASED SYST,41/202,34/210,0950-7051,1872-7409,"COMPUTER SCIENCE, ARTIFICIAL INTELLIGENCE",55815.0,8.0,Q1,1.25,12.82,SCIE
EMBO Molecular Medicine,EMBO MOL MED,14/187,25/191,1757-4676,1757-4684,"MEDICINE, RESEARCH & EXPERIMENTAL",13981.0,7.9,Q1,1.85,100.0,SCIE
mAbs,MABS-AUSTIN,36/187,25/191,1942-0862,1942-0870,"MEDICINE, RESEARCH & EXPERIMENTAL",7267.0,7.9,Q1,1.62,100.0,SCIE
Clinical and Translational Medicine,CLIN TRANSL MED,26/187,25/191,2001-1326,2001-1326,"MEDICINE, RESEARCH & EXPERIMENTAL",13400.0,7.9,Q1,1.43,100.0,SCIE
Journal of Genetics and Genomics,J GENET GENOMICS,46/319,42/328,1673-8527,1873-5533,BIOCHEMISTRY & MOLECULAR BIOLOGY,5807.0,7.9,Q1,1.33,39.74,SCIE
EUROPEAN PSYCHIATRY,EUR PSYCHIAT,21/285,14/293,0924-9338,1778-3585,PSYCHIATRY,9913.0,7.9,Q1,1.2,100.0,"SCIE, SSCI"
Bio-Design and Manufacturing,BIO-DES MANUF,29/126,19/130,2096-5524,2522-8552,"ENGINEERING, BIOMEDICAL",2245.0,7.9,Q1,1.17,24.67,SCIE
EUROPEAN JOURNAL OF ANAESTHESIOLOGY,EUR J ANAESTH,8/69,3/72,0265-0215,1365-2346,ANESTHESIOLOGY,7011.0,7.8,Q1,2.44,23.85,SCIE
AMERICAN JOURNAL OF CHINESE MEDICINE,AM J CHINESE MED,52/315,25/336,0192-415X,1793-6853,"MEDICINE, GENERAL & INTERNAL",6797.0,7.8,Q1,1.67,2.55,SCIE
CURRENT OPINION IN STRUCTURAL BIOLOGY,CURR OPIN STRUC BIOL,36/319,43/328,0959-440X,1879-033X,BIOCHEMISTRY & MOLECULAR BIOLOGY,13672.0,7.8,Q1,1.35,55.11,SCIE
European Heart Journal-Acute Cardiovascular Care,EUR HEART J-ACUTE CA,47/229,29/237,2048-8726,2048-8734,CARDIAC & CARDIOVASCULAR SYSTEMS,3810.0,7.8,Q1,1.33,22.77,SCIE
Stem Cell Research & Therapy,STEM CELL RES THER,5/31,4/32,,1757-6512,CELL & TISSUE ENGINEERING,31355.0,7.8,Q1,1.3,100.0,SCIE
Artificial Intelligence in Medicine,ARTIF INTELL MED,35/202,35/210,0933-3657,1873-2860,"COMPUTER SCIENCE, ARTIFICIAL INTELLIGENCE",9654.0,7.8,Q1,1.28,31.47,SCIE
APPLIED SOFT COMPUTING,APPL SOFT COMPUT,53/202,35/210,1568-4946,1872-9681,"COMPUTER SCIENCE, ARTIFICIAL INTELLIGENCE",56796.0,7.8,Q1,1.26,9.89,SCIE
Intelligent Medicine,INTEL MED,19/51,5/54,2667-1026,2667-1026,MEDICAL INFORMATICS,732.0,7.8,Q1,0.95,100.0,ESCI
CURRENT OPINION IN BIOTECHNOLOGY,CURR OPIN BIOTECH,7/85,3/85,0958-1669,1879-0429,BIOCHEMICAL RESEARCH METHODS,19937.0,7.8,Q1,0.87,46.49,SCIE
JOURNAL OF NEUROLOGY NEUROSURGERY AND PSYCHIATRY,J NEUROL NEUROSUR PS,11/285,18/296,0022-3050,1468-330X,CLINICAL NEUROLOGY,32201.0,7.7,Q1,2.44,40.25,SCIE
MOVEMENT DISORDERS,MOVEMENT DISORD,19/285,18/296,0885-3185,1531-8257,CLINICAL NEUROLOGY,36832.0,7.7,Q1,1.91,67.37,SCIE
IEEE Journal of Biomedical and Health Informatics,IEEE J BIOMED HEALTH,7/51,7/54,2168-2194,2168-2208,MEDICAL INFORMATICS,27151.0,7.7,Q1,1.77,6.35,SCIE
PLOS Digital Health,PLOS DIGIT HEALTH,14/180,9/194,,2767-3170,HEALTH CARE SCIENCES & SERVICES,4455.0,7.7,Q1,1.72,99.72,ESCI
IEEE Computational Intelligence Magazine,IEEE COMPUT INTELL M,21/202,37/210,1556-603X,1556-6048,"COMPUTER SCIENCE, ARTIFICIAL INTELLIGENCE",2997.0,7.7,Q1,1.69,0.0,SCIE
AGING CELL,AGING CELL,39/203,44/207,1474-9718,1474-9726,CELL BIOLOGY,22553.0,7.7,Q1,1.46,100.0,SCIE
CURRENT BIOLOGY,CURR BIOL,24/319,44/328,0960-9822,1879-0445,BIOCHEMISTRY & MOLECULAR BIOLOGY,85734.0,7.7,Q1,1.46,38.97,SCIE
Cell Reports,CELL REP,32/203,44/207,2639-1856,2211-1247,CELL BIOLOGY,115058.0,7.7,Q1,1.14,99.91,SCIE
JOURNAL OF INTELLIGENT MANUFACTURING,J INTELL MANUF,42/202,37/210,0956-5515,1572-8145,"COMPUTER SCIENCE, ARTIFICIAL INTELLIGENCE",13199.0,7.7,Q1,1.12,29.21,SCIE
Inflammation and Regeneration,INFLAMM REGEN,31/187,29/191,,1880-8190,"MEDICINE, RESEARCH & EXPERIMENTAL",2529.0,7.7,Q1,1.08,100.0,SCIE
Life Medicine,LIFE MED,12/187,29/191,,2755-1733,"MEDICINE, RESEARCH & EXPERIMENTAL",586.0,7.7,Q1,0.77,100.0,ESCI
JOURNAL OF INTERNAL MEDICINE,J INTERN MED,20/315,26/336,0954-6820,1365-2796,"MEDICINE, GENERAL & INTERNAL",16193.0,7.6,Q1,1.75,72.59,SCIE
NEUROPSYCHOPHARMACOLOGY,NEUROPSYCHOPHARMACOL,19/320,28/330,0893-133X,1740-634X,NEUROSCIENCES,32107.0,7.6,Q1,1.63,50.27,SCIE
CELL PROLIFERATION,CELL PROLIFERAT,60/203,47/207,0960-7722,1365-2184,CELL BIOLOGY,10862.0,7.6,Q1,0.8,100.0,SCIE
ANNALS OF NEUROLOGY,ANN NEUROL,9/285,20/296,0364-5134,1531-8249,CLINICAL NEUROLOGY,37743.0,7.5,Q1,2.09,51.27,SCIE
JOURNAL OF PINEAL RESEARCH,J PINEAL RES,54/320,29/330,0742-3098,1600-079X,NEUROSCIENCES,10034.0,7.5,Q1,1.97,36.55,SCIE
BRAIN BEHAVIOR AND IMMUNITY,BRAIN BEHAV IMMUN,33/320,29/330,0889-1591,1090-2139,NEUROSCIENCES,30942.0,7.5,Q1,1.86,47.59,SCIE
Translational Psychiatry,TRANSL PSYCHIAT,19/285,17/293,2158-3188,2158-3188,PSYCHIATRY,29253.0,7.5,Q1,1.82,99.86,SCIE
Anesthesiology and Perioperative Science,ANESTHES PERIOP SCI,10/69,4/72,,2731-8389,ANESTHESIOLOGY,512.0,7.5,Q1,1.66,100.0,ESCI
BRITISH MEDICAL BULLETIN,BRIT MED BULL,21/315,27/336,0007-1420,1471-8391,"MEDICINE, GENERAL & INTERNAL",6305.0,7.5,Q1,1.41,57.53,SCIE
DECISION SUPPORT SYSTEMS,DECIS SUPPORT SYST,33/202,39/210,0167-9236,1873-5797,"COMPUTER SCIENCE, ARTIFICIAL INTELLIGENCE",14693.0,7.5,Q1,1.32,20.96,SCIE
Cell Systems,CELL SYST,14/319,45/328,2405-4712,2405-4720,BIOCHEMISTRY & MOLECULAR BIOLOGY,12040.0,7.5,Q1,1.27,32.06,SCIE
Current Psychiatry Reports,CURR PSYCHIAT REP,15/285,17/293,1523-3812,1535-1645,PSYCHIATRY,11361.0,7.5,Q1,0.96,34.85,"SCIE, SSCI"
ANAESTHESIA,ANAESTHESIA,3/69,5/72,0003-2409,1365-2044,ANESTHESIOLOGY,14932.0,7.4,Q1,2.48,51.19,SCIE
Neurotherapeutics,NEUROTHERAPEUTICS,23/285,21/296,1933-7213,1878-7479,CLINICAL NEUROLOGY,11851.0,7.4,Q1,1.94,84.52,SCIE
JMIR Mental Health,JMIR MENT HEALTH,35/285,20/293,2368-7959,2368-7959,PSYCHIATRY,7638.0,7.4,Q1,1.68,99.22,SCIE
Alzheimers & Dementia-Translational Research & Clinical Interventions,ALZH DEMENT-TRCI,25/285,21/296,,2352-8737,CLINICAL NEUROLOGY,4462.0,7.4,Q1,1.57,99.64,ESCI
Communications Medicine,COMMUN MED-LONDON,23/187,31/191,2730-664X,2730-664X,"MEDICINE, RESEARCH & EXPERIMENTAL",5278.0,7.4,Q1,1.57,99.9,ESCI
GENES & DEVELOPMENT,GENE DEV,29/203,49/207,0890-9369,1549-5477,CELL BIOLOGY,42641.0,7.4,Q1,1.37,99.53,SCIE
Psychoradiology,PSYCHORADIOLOGY,2/18,1/18,,2634-4416,NEUROIMAGING,582.0,7.4,Q1,1.04,100.0,ESCI
Cognitive Computation,COGN COMPUT,71/202,40/210,1866-9956,1866-9964,"COMPUTER SCIENCE, ARTIFICIAL INTELLIGENCE",4941.0,7.4,Q1,1.0,22.22,SCIE
Current Neurology and Neuroscience Reports,CURR NEUROL NEUROSCI,27/285,21/296,1528-4042,1534-6293,CLINICAL NEUROLOGY,6435.0,7.4,Q1,0.9,26.03,SCIE
GLOBAL CHALLENGES,GLOB CHALL,28/135,16/140,,2056-6646,MULTIDISCIPLINARY SCIENCES,3488.0,7.4,Q1,0.86,99.62,SCIE
CELLULAR AND MOLECULAR NEUROBIOLOGY,CELL MOL NEUROBIOL,96/203,49/207,0272-4340,1573-6830,CELL BIOLOGY,8134.0,7.4,Q1,0.78,69.45,SCIE
Polish Heart Journal-Kardiologia Polska,POLISH HEART J,26/229,30/237,0022-9032,1897-4279,CARDIAC & CARDIOVASCULAR SYSTEMS,3542.0,7.4,Q1,0.64,94.81,SCIE
BRIEFINGS IN BIOINFORMATICS,BRIEF BIOINFORM,6/85,4/85,1467-5463,1477-4054,BIOCHEMICAL RESEARCH METHODS,33255.0,7.3,Q1,1.79,81.95,SCIE
METABOLIC ENGINEERING,METAB ENG,17/175,19/180,1096-7176,1096-7184,BIOTECHNOLOGY & APPLIED MICROBIOLOGY,13071.0,7.3,Q1,1.71,34.16,SCIE
Environmental Technology & Innovation,ENVIRON TECHNOL INNO,48/175,19/180,2352-1864,2352-1864,BIOTECHNOLOGY & APPLIED MICROBIOLOGY,22886.0,7.3,Q1,1.29,99.94,SCIE
CLINICAL SCIENCE,CLIN SCI,32/187,32/191,0143-5221,1470-8736,"MEDICINE, RESEARCH & EXPERIMENTAL",13268.0,7.3,Q1,1.19,86.91,SCIE
JACC-Clinical Electrophysiology,JACC-CLIN ELECTROPHY,21/229,31/237,2405-500X,2405-5018,CARDIAC & CARDIOVASCULAR SYSTEMS,8478.0,7.2,Q1,1.84,23.08,SCIE
Circulation-Cardiovascular Interventions,CIRC-CARDIOVASC INTE,20/229,31/237,1941-7640,1941-7632,CARDIAC & CARDIOVASCULAR SYSTEMS,7948.0,7.2,Q1,1.69,18.39,SCIE
Scientific Data,SCI DATA,16/135,17/140,,2052-4463,MULTIDISCIPLINARY SCIENCES,55822.0,7.2,Q1,1.62,99.95,SCIE
Fluids and Barriers of the CNS,FLUIDS BARRIERS CNS,34/320,37/330,2045-8118,2045-8118,NEUROSCIENCES,5562.0,7.2,Q1,1.61,100.0,SCIE
npj Vaccines,NPJ VACCINES,27/187,33/191,,2059-0105,"MEDICINE, RESEARCH & EXPERIMENTAL",6659.0,7.2,Q1,1.44,100.0,SCIE
NEURAL NETWORKS,NEURAL NETWORKS,36/202,41/210,0893-6080,1879-2782,"COMPUTER SCIENCE, ARTIFICIAL INTELLIGENCE",37463.0,7.2,Q1,1.42,13.28,SCIE
Current Molecular Pharmacology,CURR MOL PHARMACOL,162/319,46/328,1874-4672,1874-4702,BIOCHEMISTRY & MOLECULAR BIOLOGY,2562.0,7.2,Q1,0.97,58.16,SCIE
CURRENT OPINION IN CHEMICAL BIOLOGY,CURR OPIN CHEM BIOL,49/319,46/328,1367-5931,1879-0402,BIOCHEMISTRY & MOLECULAR BIOLOGY,11193.0,7.2,Q1,0.88,34.08,SCIE
BioDesign Research,BIODESIGN RES,,21/180,2693-1257,2693-1257,BIOTECHNOLOGY & APPLIED MICROBIOLOGY,578.0,7.2,Q1,0.85,100.0,ESCI
MIT Technology Review,MIT TECHNOL REV,,17/140,1099-274X,,MULTIDISCIPLINARY SCIENCES,1198.0,7.2,Q1,0.02,0.0,SCIE
ATHEROSCLEROSIS,ATHEROSCLEROSIS,44/229,33/237,0021-9150,1879-1484,CARDIAC & CARDIOVASCULAR SYSTEMS,25027.0,7.1,Q1,1.5,41.17,SCIE
JOURNAL OF THE AMERICAN MEDICAL INFORMATICS ASSOCIATION,J AM MED INFORM ASSN,17/180,10/194,1067-5027,1527-974X,HEALTH CARE SCIENCES & SERVICES,18887.0,7.1,Q1,1.48,38.63,SCIE
Science of Remote Sensing,SCI REMOTE SENSING,6/37,7/39,2666-0172,2666-0172,IMAGING SCIENCE & PHOTOGRAPHIC TECHNOLOGY,1743.0,7.1,Q1,1.13,100.0,ESCI
CNS DRUGS,CNS DRUGS,21/285,24/296,1172-7047,1179-1934,CLINICAL NEUROLOGY,7910.0,7.0,Q1,1.64,55.83,SCIE
HEART RHYTHM,HEART RHYTHM,41/229,34/237,1547-5271,1556-3871,CARDIAC & CARDIOVASCULAR SYSTEMS,16881.0,7.0,Q1,1.51,23.06,SCIE
Fundamental Research,FUND RES-CHINA,20/135,19/140,2096-9457,2667-3258,MULTIDISCIPLINARY SCIENCES,4481.0,7.0,Q1,1.49,100.0,ESCI
npj Regenerative Medicine,NPJ REGEN MED,4/31,5/32,,2057-3995,CELL & TISSUE ENGINEERING,3206.0,7.0,Q1,1.37,100.0,SCIE
SLEEP,SLEEP,26/285,24/296,0161-8105,1550-9109,CLINICAL NEUROLOGY,31454.0,7.0,Q1,1.37,35.09,SCIE
EPMA Journal,EPMA J,60/187,34/191,1878-5077,1878-5085,"MEDICINE, RESEARCH & EXPERIMENTAL",2288.0,7.0,Q1,1.35,36.89,SCIE
Science Signaling,SCI SIGNAL,34/319,48/328,1945-0877,1937-9145,BIOCHEMISTRY & MOLECULAR BIOLOGY,14775.0,7.0,Q1,1.23,3.48,SCIE
BIOMASS & BIOENERGY,BIOMASS BIOENERG,54/175,22/180,0961-9534,1873-2909,BIOTECHNOLOGY & APPLIED MICROBIOLOGY,26239.0,7.0,Q1,1.18,24.39,SCIE
ISPRS Open Journal of Photogrammetry and Remote Sensing,ISPRS OPEN J PHOTOGR,8/37,8/39,,2667-3932,IMAGING SCIENCE & PHOTOGRAPHIC TECHNOLOGY,512.0,7.0,Q1,1.06,100.0,ESCI
FRONTIERS IN NEUROENDOCRINOLOGY,FRONT NEUROENDOCRIN,29/320,39/330,0091-3022,1095-6808,NEUROSCIENCES,6208.0,7.0,Q1,0.95,46.67,SCIE
Photoacoustics,PHOTOACOUSTICS,26/126,22/130,2213-5979,2213-5979,"ENGINEERING, BIOMEDICAL",4068.0,6.9,Q1,1.9,100.0,SCIE
International Journal of Stroke,INT J STROKE,18/285,26/296,1747-4930,1747-4949,CLINICAL NEUROLOGY,9802.0,6.9,Q1,1.78,28.17,SCIE
Circulation-Cardiovascular Quality and Outcomes,CIRC-CARDIOVASC QUAL,18/229,35/237,1941-7705,1941-7713,CARDIAC & CARDIOVASCULAR SYSTEMS,8355.0,6.9,Q1,1.57,14.78,SCIE
PLOS BIOLOGY,PLOS BIOL,29/319,49/328,1544-9173,1545-7885,BIOCHEMISTRY & MOLECULAR BIOLOGY,42592.0,6.9,Q1,1.49,100.0,SCIE
REDOX REPORT,REDOX REP,94/319,49/328,1351-0002,1743-2928,BIOCHEMISTRY & MOLECULAR BIOLOGY,2765.0,6.9,Q1,1.39,100.0,SCIE
Drug Delivery and Translational Research,DRUG DELIV TRANSL RE,65/187,35/191,2190-393X,2190-3948,"MEDICINE, RESEARCH & EXPERIMENTAL",10319.0,6.9,Q1,1.38,39.34,SCIE
Sensors and Actuators Reports,SENSOR ACTUATOR REP,45/175,23/180,2666-0539,2666-0539,BIOTECHNOLOGY & APPLIED MICROBIOLOGY,2275.0,6.9,Q1,1.31,99.26,SCIE
Lipids in Health and Disease,LIPIDS HEALTH DIS,88/319,49/328,,1476-511X,BIOCHEMISTRY & MOLECULAR BIOLOGY,14903.0,6.9,Q1,1.21,100.0,SCIE
Frontiers in Synaptic Neuroscience,FRONT SYNAPTIC NEURO,63/320,41/330,1663-3563,1663-3563,NEUROSCIENCES,1817.0,6.9,Q1,0.72,100.0,SCIE
BMJ Quality & Safety,BMJ QUAL SAF,11/180,11/194,2044-5415,2044-5423,HEALTH CARE SCIENCES & SERVICES,8430.0,6.8,Q1,1.72,48.98,SCIE
JCI Insight,JCI INSIGHT,21/187,36/191,,2379-3708,"MEDICINE, RESEARCH & EXPERIMENTAL",32354.0,6.8,Q1,1.62,99.54,SCIE
MEDICAL JOURNAL OF AUSTRALIA,MED J AUSTRALIA,25/315,28/336,0025-729X,1326-5377,"MEDICINE, GENERAL & INTERNAL",12934.0,6.8,Q1,1.44,80.99,SCIE
JBI Evidence Synthesis,JBI EVID SYNTH,24/180,11/194,,2689-8381,HEALTH CARE SCIENCES & SERVICES,6521.0,6.8,Q1,1.15,13.25,ESCI
Bioelectronic Medicine,BIOELECTRON MED-US,,23/130,,2332-8886,"ENGINEERING, BIOMEDICAL",703.0,6.8,Q1,1.06,100.0,ESCI
Neuroscience Bulletin,NEUROSCI BULL,47/320,42/330,1673-7067,1995-8218,NEUROSCIENCES,6594.0,6.8,Q1,1.05,30.08,SCIE
ANTIOXIDANTS & REDOX SIGNALING,ANTIOXID REDOX SIGN,61/319,52/328,1523-0864,1557-7716,BIOCHEMISTRY & MOLECULAR BIOLOGY,25052.0,6.8,Q1,1.04,10.77,SCIE
JOURNAL OF MACHINE LEARNING RESEARCH,J MACH LEARN RES,9/202,42/210,1532-4435,,"COMPUTER SCIENCE, ARTIFICIAL INTELLIGENCE",67823.0,6.8,Q1,0.94,0.19,SCIE
HEALTH AFFAIRS,HEALTH AFFAIR,5/180,13/194,0278-2715,0278-2715,HEALTH CARE SCIENCES & SERVICES,20492.0,6.7,Q1,2.53,26.05,SCIE
JOURNAL OF HEART AND LUNG TRANSPLANTATION,J HEART LUNG TRANSPL,28/229,36/237,1053-2498,1557-3117,CARDIAC & CARDIOVASCULAR SYSTEMS,14069.0,6.7,Q1,1.91,15.76,SCIE
JPAD-Journal of Prevention of Alzheimers Disease,JPAD-J PREV ALZHEIM,17/285,27/296,2274-5807,2426-0266,CLINICAL NEUROLOGY,5063.0,6.7,Q1,1.91,99.79,SCIE
Molecular Systems Biology,MOL SYST BIOL,18/319,53/328,1744-4292,1744-4292,BIOCHEMISTRY & MOLECULAR BIOLOGY,10364.0,6.7,Q1,1.42,100.0,SCIE
Fuzzy Optimization and Decision Making,FUZZY OPTIM DECIS MA,56/202,43/210,1568-4539,1573-2908,"COMPUTER SCIENCE, ARTIFICIAL INTELLIGENCE",1349.0,6.7,Q1,1.24,15.63,SCIE
Microbial Biotechnology,MICROB BIOTECHNOL,28/175,24/180,1751-7915,1751-7915,BIOTECHNOLOGY & APPLIED MICROBIOLOGY,10793.0,6.7,Q1,1.11,100.0,SCIE
Current Research in Biotechnology,CURR RES BIOTECHNOL,50/175,24/180,2590-2628,2590-2628,BIOTECHNOLOGY & APPLIED MICROBIOLOGY,1589.0,6.7,Q1,1.1,100.0,ESCI
BioChip Journal,BIOCHIP J,34/85,5/85,1976-0280,2092-7843,BIOCHEMICAL RESEARCH METHODS,1680.0,6.7,Q1,1.05,21.79,SCIE
Advanced Intelligent Systems,ADV INTELL SYST-GER,31/202,43/210,,2640-4567,"COMPUTER SCIENCE, ARTIFICIAL INTELLIGENCE",11417.0,6.7,Q1,1.01,100.0,SCIE
Chemical & Biomedical Imaging,CHEM BIOMED IMAGING,28/126,24/130,2832-3637,2832-3637,"ENGINEERING, BIOMEDICAL",1221.0,6.7,Q1,1.0,100.0,ESCI
NEUROCOMPUTING,NEUROCOMPUTING,52/202,43/210,0925-2312,1872-8286,"COMPUTER SCIENCE, ARTIFICIAL INTELLIGENCE",74882.0,6.7,Q1,1.0,12.15,SCIE
Biomaterials Advances,BIOMATER ADV,16/56,14/58,,2772-9508,"MATERIALS SCIENCE, BIOMATERIALS",9075.0,6.7,Q1,0.99,26.49,SCIE
Visual Computing for Industry Biomedicine and Art,VIS COMPUT IND BIOME,15/37,9/39,,2524-4442,IMAGING SCIENCE & PHOTOGRAPHIC TECHNOLOGY,857.0,6.7,Q1,0.84,100.0,ESCI
Frontiers in Artificial Intelligence,FRONT ARTIF INTELL,51/202,43/210,,2624-8212,"COMPUTER SCIENCE, ARTIFICIAL INTELLIGENCE",7520.0,6.7,Q1,0.74,100.0,ESCI
IEEE TRANSACTIONS ON NEURAL SYSTEMS AND REHABILITATION ENGINEERING,IEEE T NEUR SYS REH,23/126,25/130,1534-4320,1558-0210,"ENGINEERING, BIOMEDICAL",20154.0,6.6,Q1,2.02,100.0,SCIE
JOURNAL OF CHILD PSYCHOLOGY AND PSYCHIATRY,J CHILD PSYCHOL PSYC,12/285,23/293,0021-9630,1469-7610,PSYCHIATRY,24510.0,6.6,Q1,1.62,68.85,"SCIE, SSCI"
BMJ Mental Health,BMJ MENTAL HEALTH,17/285,23/293,,2755-9734,PSYCHIATRY,1012.0,6.6,Q1,1.44,100.0,SCIE
CNS Neuroscience & Therapeutics,CNS NEUROSCI THER,73/320,44/330,1755-5930,1755-5949,NEUROSCIENCES,14945.0,6.6,Q1,1.38,99.93,SCIE
MAYO CLINIC PROCEEDINGS,MAYO CLIN PROC,24/315,29/336,0025-6196,1942-5546,"MEDICINE, GENERAL & INTERNAL",21169.0,6.5,Q1,1.66,15.2,SCIE
Acta Neuropathologica Communications,ACTA NEUROPATHOL COM,32/320,45/330,2051-5960,2051-5960,NEUROSCIENCES,11791.0,6.5,Q1,1.51,100.0,SCIE
Molecular Therapy Nucleic Acids,MOL THER NUCL ACIDS,41/187,37/191,2162-2531,2162-2531,"MEDICINE, RESEARCH & EXPERIMENTAL",14299.0,6.5,Q1,1.4,100.0,SCIE
VISUAL NEUROSCIENCE,VISUAL NEUROSCI,149/320,45/330,0952-5238,1469-8714,NEUROSCIENCES,1840.0,6.5,Q1,1.22,91.89,SCIE
MUTATION RESEARCH-REVIEWS IN MUTATION RESEARCH,MUTAT RES-REV MUTAT,16/175,26/180,1383-5742,1388-2139,BIOTECHNOLOGY & APPLIED MICROBIOLOGY,3773.0,6.5,Q1,1.09,41.33,SCIE
Cell and Bioscience,CELL BIOSCI,68/319,54/328,,2045-3701,BIOCHEMISTRY & MOLECULAR BIOLOGY,9038.0,6.5,Q1,1.02,100.0,SCIE
Annual Review of Vision Science,ANNU REV VIS SCI,22/320,45/330,2374-4642,2374-4650,NEUROSCIENCES,2295.0,6.5,Q1,1.01,98.55,SCIE
CELLULAR AND MOLECULAR LIFE SCIENCES,CELL MOL LIFE SCI,48/319,54/328,1420-682X,1420-9071,BIOCHEMISTRY & MOLECULAR BIOLOGY,44129.0,6.5,Q1,0.98,87.62,SCIE
AI,AI-BASEL,73/202,47/210,,2673-2688,"COMPUTER SCIENCE, ARTIFICIAL INTELLIGENCE",2218.0,6.5,Q1,0.76,100.0,ESCI
EXPERT REVIEWS IN MOLECULAR MEDICINE,EXPERT REV MOL MED,74/319,54/328,1462-3994,1462-3994,BIOCHEMISTRY & MOLECULAR BIOLOGY,2509.0,6.5,Q1,0.57,87.5,SCIE
Lancet Regional Health - Southeast Asia,LANCET REG HLTH-SE A,18/180,14/194,2772-3682,2772-3682,HEALTH CARE SCIENCES & SERVICES,1947.0,6.4,Q1,1.81,100.0,ESCI
MOLECULAR BIOLOGY AND EVOLUTION,MOL BIOL EVOL,13/319,57/328,0737-4038,1537-1719,BIOCHEMISTRY & MOLECULAR BIOLOGY,72786.0,6.4,Q1,1.61,100.0,SCIE
PALLIATIVE MEDICINE,PALLIATIVE MED,31/180,14/194,0269-2163,1477-030X,HEALTH CARE SCIENCES & SERVICES,9020.0,6.4,Q1,1.45,67.38,SCIE
LIFE SCIENCES,LIFE SCI,61/187,39/191,0024-3205,1879-0631,"MEDICINE, RESEARCH & EXPERIMENTAL",51400.0,6.4,Q1,1.39,17.97,SCIE
INTEGRATED COMPUTER-AIDED ENGINEERING,INTEGR COMPUT-AID E,106/202,48/210,1069-2509,1875-8835,"COMPUTER SCIENCE, ARTIFICIAL INTELLIGENCE",765.0,6.4,Q1,1.28,20.0,SCIE
CANCER GENE THERAPY,CANCER GENE THER,23/175,27/180,0929-1903,1476-5500,BIOTECHNOLOGY & APPLIED MICROBIOLOGY,5943.0,6.4,Q1,1.11,44.92,SCIE
Computer Methods and Programs in Biomedicine,COMPUT METH PROG BIO,30/126,26/130,0169-2607,1872-7565,"ENGINEERING, BIOMEDICAL",24674.0,6.4,Q1,1.09,34.12,SCIE
Precision Clinical Medicine,PRECIS CLIN MED,51/187,39/191,2096-5303,2516-1571,"MEDICINE, RESEARCH & EXPERIMENTAL",920.0,6.4,Q1,1.01,100.0,ESCI
ACM Transactions on Interactive Intelligent Systems,ACM T INTERACT INTEL,67/202,48/210,2160-6455,2160-6463,"COMPUTER SCIENCE, ARTIFICIAL INTELLIGENCE",2258.0,6.4,Q1,0.92,34.94,SCIE
Stress Biology,STRESS BIOL,56/319,57/328,,2731-0450,BIOCHEMISTRY & MOLECULAR BIOLOGY,1465.0,6.4,Q1,0.85,100.0,ESCI
Intelligent Computing,INTELL COMPUT-WASH,48/202,48/210,,2771-5892,"COMPUTER SCIENCE, ARTIFICIAL INTELLIGENCE",528.0,6.4,Q1,0.72,100.0,ESCI
BrainX,BRAIN-X,55/202,48/210,2835-3153,2835-3153,"COMPUTER SCIENCE, ARTIFICIAL INTELLIGENCE",303.0,6.4,Q1,0.68,100.0,ESCI
Cell Insight,CELL INSIGHT,60/319,57/328,,2772-8927,BIOCHEMISTRY & MOLECULAR BIOLOGY,649.0,6.4,Q1,0.64,100.0,ESCI
Journal of Behavioral Addictions,J BEHAV ADDICT,28/285,25/293,2062-5871,2063-5303,PSYCHIATRY,7222.0,6.3,Q1,1.72,100.0,"SCIE, SSCI"
MOLECULAR & CELLULAR PROTEOMICS,MOL CELL PROTEOMICS,5/85,6/85,,1535-9484,BIOCHEMICAL RESEARCH METHODS,17736.0,6.3,Q1,1.53,100.0,SCIE
GENOME RESEARCH,GENOME RES,23/319,60/328,1088-9051,1549-5469,BIOCHEMISTRY & MOLECULAR BIOLOGY,43894.0,6.3,Q1,1.35,3.08,SCIE
JMIR mHealth and uHealth,JMIR MHEALTH UHEALTH,26/180,16/194,2291-5222,2291-5222,HEALTH CARE SCIENCES & SERVICES,16615.0,6.3,Q1,1.31,98.67,SCIE
Journal of Biological Engineering,J BIOL ENG,14/85,6/85,1754-1611,1754-1611,BIOCHEMICAL RESEARCH METHODS,3274.0,6.3,Q1,1.17,100.0,SCIE
Food & Function,FOOD FUNCT,126/319,60/328,2042-6496,2042-650X,BIOCHEMISTRY & MOLECULAR BIOLOGY,45712.0,6.3,Q1,1.08,19.03,SCIE
LAB ON A CHIP,LAB CHIP,17/85,6/85,1473-0197,1473-0189,BIOCHEMICAL RESEARCH METHODS,34329.0,6.3,Q1,1.06,38.79,SCIE
Bioresources and Bioprocessing,BIORESOUR BIOPROCESS,49/175,28/180,,2197-4365,BIOTECHNOLOGY & APPLIED MICROBIOLOGY,5099.0,6.3,Q1,1.02,100.0,SCIE
Biomedical Journal,BIOMED J,93/319,60/328,2319-4170,2320-2890,BIOCHEMISTRY & MOLECULAR BIOLOGY,3768.0,6.3,Q1,0.96,100.0,SCIE
Artificial Intelligence Chemistry,ARTIF INTELL CHEM,59/202,52/210,,2949-7477,"COMPUTER SCIENCE, ARTIFICIAL INTELLIGENCE",533.0,6.3,Q1,0.84,100.0,ESCI
Organogenesis,ORGANOGENESIS,154/319,60/328,1547-6278,1555-8592,BIOCHEMISTRY & MOLECULAR BIOLOGY,1061.0,6.3,Q1,0.68,100.0,SCIE
MILBANK QUARTERLY,MILBANK Q,8/180,17/194,0887-378X,1468-0009,HEALTH CARE SCIENCES & SERVICES,5495.0,6.2,Q1,1.85,51.72,SCIE
VALUE IN HEALTH,VALUE HEALTH,13/180,17/194,1098-3015,1524-4733,HEALTH CARE SCIENCES & SERVICES,17374.0,6.2,Q1,1.58,41.55,SCIE
MEDICAL EDUCATION,MED EDUC,12/180,17/194,0308-0110,1365-2923,HEALTH CARE SCIENCES & SERVICES,13985.0,6.2,Q1,1.47,78.31,SCIE
Bioengineering & Translational Medicine,BIOENG TRANSL MED,24/126,28/130,,2380-6761,"ENGINEERING, BIOMEDICAL",5075.0,6.2,Q1,1.09,100.0,SCIE
BMJ Health & Care Informatics,BMJ HEALTH CARE INFO,27/180,17/194,,2632-1009,HEALTH CARE SCIENCES & SERVICES,1626.0,6.2,Q1,1.09,100.0,ESCI
EXCLI Journal,EXCLI J,26/105,7/106,1611-2156,1611-2156,BIOLOGY,4410.0,6.2,Q1,0.81,0.0,SCIE
Translational Research,TRANSL RES,38/315,31/336,1931-5244,1878-1810,"MEDICINE, GENERAL & INTERNAL",7610.0,6.1,Q1,1.85,14.64,SCIE
European Heart Journal-Cardiovascular Imaging,EUR HEART J-CARD IMG,29/229,37/237,2047-2404,2047-2412,CARDIAC & CARDIOVASCULAR SYSTEMS,12031.0,6.1,Q1,1.63,34.96,SCIE
JACC-Asia,JACC-ASIA,36/229,37/237,2772-3747,2772-3747,CARDIAC & CARDIOVASCULAR SYSTEMS,1647.0,6.1,Q1,1.36,100.0,ESCI
Circulation-Genomic and Precision Medicine,CIRC-GENOM PRECIS ME,17/229,37/237,2574-8300,2574-8300,CARDIAC & CARDIOVASCULAR SYSTEMS,2655.0,6.1,Q1,1.34,31.21,SCIE
Journal of Neuroimmune Pharmacology,J NEUROIMMUNE PHARM,105/320,49/330,1557-1890,1557-1904,NEUROSCIENCES,3663.0,6.1,Q1,1.3,37.37,SCIE
JMIR AI,JMIR AI,32/180,21/194,,2817-1705,HEALTH CARE SCIENCES & SERVICES,789.0,6.1,Q1,1.26,100.0,ESCI
QUARTERLY REVIEWS OF BIOPHYSICS,Q REV BIOPHYS,5/79,7/81,0033-5835,1469-8994,BIOPHYSICS,2458.0,6.1,Q1,1.05,59.46,SCIE
Current Neuropharmacology,CURR NEUROPHARMACOL,64/320,49/330,1570-159X,1875-6190,NEUROSCIENCES,10789.0,6.1,Q1,0.89,6.99,SCIE
Engineering Microbiology,ENG MICROBIOL,25/175,31/180,2097-4280,2667-3703,BIOTECHNOLOGY & APPLIED MICROBIOLOGY,680.0,6.1,Q1,0.74,100.0,ESCI
Journal of Clinical Anesthesia,J CLIN ANESTH,5/69,6/72,0952-8180,1873-4529,ANESTHESIOLOGY,8242.0,6.0,Q1,1.97,34.4,SCIE
Body Image,BODY IMAGE,55/285,26/293,1740-1445,1873-6807,PSYCHIATRY,10740.0,6.0,Q1,1.84,49.14,SSCI
Journal of NeuroEngineering and Rehabilitation,J NEUROENG REHABIL,21/126,29/130,,1743-0003,"ENGINEERING, BIOMEDICAL",12887.0,6.0,Q1,1.54,100.0,SCIE
INTERNATIONAL PSYCHOGERIATRICS,INT PSYCHOGERIATR,42/285,26/293,1041-6102,1741-203X,PSYCHIATRY,10223.0,6.0,Q1,1.49,100.0,SCIE
NEUROBIOLOGY OF DISEASE,NEUROBIOL DIS,51/320,51/330,0969-9961,1095-953X,NEUROSCIENCES,23767.0,6.0,Q1,1.39,99.81,SCIE
Journal of the American Heart Association,J AM HEART ASSOC,35/229,40/237,,2047-9980,CARDIAC & CARDIOVASCULAR SYSTEMS,52552.0,6.0,Q1,1.38,99.9,SCIE
American Journal of Medicine,AM J MED,32/315,32/336,0002-9343,1555-7162,"MEDICINE, GENERAL & INTERNAL",24244.0,6.0,Q1,1.15,14.65,SCIE
Health Care Science,HEALTH CARE SCI,60/180,22/194,2771-1749,2771-1757,HEALTH CARE SCIENCES & SERVICES,493.0,6.0,Q1,1.0,100.0,ESCI
EMBO REPORTS,EMBO REP,35/319,64/328,1469-221X,1469-3178,BIOCHEMISTRY & MOLECULAR BIOLOGY,22822.0,6.0,Q1,0.97,85.56,SCIE
Biotechnology for Biofuels and Bioproducts,BIOTECHNOL BIOF BIOP,39/175,32/180,,2731-3654,BIOTECHNOLOGY & APPLIED MICROBIOLOGY,3255.0,6.0,Q1,0.89,100.0,SCIE
Emerging Topics in Life Sciences,EMERG TOP LIFE SCI,69/319,64/328,2397-8554,2397-8562,BIOCHEMISTRY & MOLECULAR BIOLOGY,1763.0,6.0,Q1,0.49,68.42,ESCI
ADDICTION,ADDICTION,22/285,28/293,0965-2140,1360-0443,PSYCHIATRY,21047.0,5.9,Q1,1.57,63.55,"SCIE, SSCI"
Molecular Ecology Resources,MOL ECOL RESOUR,37/319,66/328,1755-098X,1755-0998,BIOCHEMISTRY & MOLECULAR BIOLOGY,18571.0,5.9,Q1,1.5,65.22,SCIE
JOURNAL OF THE ROYAL SOCIETY OF MEDICINE,J ROY SOC MED,16/315,33/336,0141-0768,1758-1095,"MEDICINE, GENERAL & INTERNAL",5242.0,5.9,Q1,1.47,43.94,SCIE
CLINICAL ORAL IMPLANTS RESEARCH,CLIN ORAL IMPLAN RES,27/126,30/130,0905-7161,1600-0501,"ENGINEERING, BIOMEDICAL",16256.0,5.9,Q1,1.41,53.03,SCIE
BIOMACROMOLECULES,BIOMACROMOLECULES,132/319,66/328,1525-7797,1526-4602,BIOCHEMISTRY & MOLECULAR BIOLOGY,41799.0,5.9,Q1,1.27,23.65,SCIE
PSYCHIATRY AND CLINICAL NEUROSCIENCES,PSYCHIAT CLIN NEUROS,30/285,28/296,1323-1316,1440-1819,CLINICAL NEUROLOGY,6027.0,5.9,Q1,1.25,55.56,SCIE
CURRENT OPINION IN PSYCHIATRY,CURR OPIN PSYCHIATR,20/285,28/293,0951-7367,1473-6578,PSYCHIATRY,6551.0,5.9,Q1,1.24,14.53,"SCIE, SSCI"
Journal of Parkinsons Disease,J PARKINSON DIS,71/320,53/330,1877-7171,1877-718X,NEUROSCIENCES,7891.0,5.9,Q1,1.11,97.73,SCIE
COLLOIDS AND SURFACES B-BIOINTERFACES,COLLOID SURFACE B,27/79,8/81,0927-7765,1873-4367,BIOPHYSICS,43387.0,5.9,Q1,1.1,15.06,SCIE
Stem Cells Translational Medicine,STEM CELL TRANSL MED,7/31,6/32,2157-6564,2157-6580,CELL & TISSUE ENGINEERING,7584.0,5.9,Q1,1.08,99.59,SCIE
GENE THERAPY,GENE THER,70/319,66/328,0969-7128,1476-5462,BIOCHEMISTRY & MOLECULAR BIOLOGY,6613.0,5.9,Q1,1.05,52.41,SCIE
MATRIX BIOLOGY,MATRIX BIOL,66/319,66/328,0945-053X,1569-1802,BIOCHEMISTRY & MOLECULAR BIOLOGY,8942.0,5.9,Q1,0.92,48.73,SCIE
Frontiers in Genome Editing,FRONT GENOME EDIT,26/175,33/180,,2673-3439,BIOTECHNOLOGY & APPLIED MICROBIOLOGY,1353.0,5.9,Q1,0.88,100.0,ESCI
Journal of Functional Biomaterials,J FUNCT BIOMATER,44/126,30/130,,2079-4983,"ENGINEERING, BIOMEDICAL",10974.0,5.9,Q1,0.78,100.0,SCIE
Medical Sciences,MED SCI-BASEL,,33/336,,2076-3271,"MEDICINE, GENERAL & INTERNAL",3390.0,5.9,Q1,0.23,100.0,ESCI
PAIN,PAIN,4/69,7/72,0304-3959,1872-6623,ANESTHESIOLOGY,43560.0,5.8,Q1,1.88,32.12,SCIE
Communications Biology,COMMUN BIOL,10/105,9/106,,2399-3642,BIOLOGY,46196.0,5.8,Q1,1.66,99.98,SCIE
JOURNAL OF CLINICAL EPIDEMIOLOGY,J CLIN EPIDEMIOL,6/180,23/194,0895-4356,1878-5921,HEALTH CARE SCIENCES & SERVICES,47404.0,5.8,Q1,1.45,52.96,SCIE
CEPHALALGIA,CEPHALALGIA,60/285,29/296,0333-1024,1468-2982,CLINICAL NEUROLOGY,13119.0,5.8,Q1,1.29,93.69,SCIE
CIRCULATION JOURNAL,CIRC J,68/229,41/237,1346-9843,1347-4820,CARDIAC & CARDIOVASCULAR SYSTEMS,11553.0,5.8,Q1,1.16,100.0,SCIE
Annals of General Psychiatry,ANN GEN PSYCHIATR,56/285,31/293,,1744-859X,PSYCHIATRY,2820.0,5.8,Q1,1.15,100.0,"SCIE, SSCI"
Microbial Cell Factories,MICROB CELL FACT,31/175,35/180,,1475-2859,BIOTECHNOLOGY & APPLIED MICROBIOLOGY,18560.0,5.8,Q1,1.11,99.88,SCIE
Cell Reports Methods,CELL REP METHODS,4/85,9/85,2667-2375,2667-2375,BIOCHEMICAL RESEARCH METHODS,3163.0,5.8,Q1,0.99,100.0,ESCI
Frontiers in Bioengineering and Biotechnology,FRONT BIOENG BIOTECH,40/175,35/180,2296-4185,2296-4185,BIOTECHNOLOGY & APPLIED MICROBIOLOGY,56245.0,5.8,Q1,0.82,99.97,SCIE
PSYCHOLOGICAL REVIEW,PSYCHOL REV,6/93,8/93,0033-295X,1939-1471,PSYCHOLOGY,36821.0,5.7,Q1,2.11,42.49,SCIE
JOURNAL OF AFFECTIVE DISORDERS,J AFFECT DISORDERS,39/285,31/296,0165-0327,1573-2517,CLINICAL NEUROLOGY,85558.0,5.7,Q1,1.51,28.42,SCIE
SCHIZOPHRENIA BULLETIN,SCHIZOPHRENIA BULL,26/285,32/293,0586-7614,1745-1701,PSYCHIATRY,19698.0,5.7,Q1,1.46,41.29,"SCIE, SSCI"
Molecular Autism,MOL AUTISM,36/320,57/330,2040-2392,2040-2392,NEUROSCIENCES,5034.0,5.7,Q1,1.44,100.0,SCIE
DM DISEASE-A-MONTH,DM-DIS MON,46/315,35/336,0011-5029,1557-8194,"MEDICINE, GENERAL & INTERNAL",1757.0,5.7,Q1,1.29,5.41,SCIE
CANADIAN JOURNAL OF CARDIOLOGY,CAN J CARDIOL,38/229,42/237,0828-282X,1916-7075,CARDIAC & CARDIOVASCULAR SYSTEMS,10788.0,5.7,Q1,1.17,25.4,SCIE
Journal of Eating Disorders,J EAT DISORD,64/285,32/293,2050-2974,2050-2974,PSYCHIATRY,6157.0,5.7,Q1,1.17,100.0,SCIE
Global Heart,GLOB HEART,57/229,42/237,2211-8160,2211-8179,CARDIAC & CARDIOVASCULAR SYSTEMS,2848.0,5.7,Q1,1.13,100.0,SCIE
Systematic Reviews,SYST REV-LONDON,18/315,35/336,,2046-4053,"MEDICINE, GENERAL & INTERNAL",30659.0,5.7,Q1,1.03,99.26,SCIE
Journal of Zhejiang University-SCIENCE B,J ZHEJIANG UNIV-SC B,108/319,70/328,1673-1581,1862-1783,BIOCHEMISTRY & MOLECULAR BIOLOGY,5163.0,5.7,Q1,0.86,5.43,SCIE
Essays in Biochemistry,ESSAYS BIOCHEM,51/319,70/328,0071-1365,1744-1358,BIOCHEMISTRY & MOLECULAR BIOLOGY,6166.0,5.7,Q1,0.53,67.88,SCIE
EPILEPSIA,EPILEPSIA,31/285,32/296,0013-9580,1528-1167,CLINICAL NEUROLOGY,35143.0,5.6,Q1,1.77,52.93,SCIE
CURRENT OPINION IN NEUROBIOLOGY,CURR OPIN NEUROBIOL,24/320,58/330,0959-4388,1873-6882,NEUROSCIENCES,16556.0,5.6,Q1,1.42,56.33,SCIE
European Heart Journal-Quality of Care and Clinical Outcomes,EUR HEART J-QUAL CAR,43/229,44/237,2058-5225,2058-1742,CARDIAC & CARDIOVASCULAR SYSTEMS,2725.0,5.6,Q1,1.26,38.98,SCIE
New Biotechnology,NEW BIOTECHNOL,20/85,10/85,1871-6784,1876-4347,BIOCHEMICAL RESEARCH METHODS,4728.0,5.6,Q1,1.22,100.0,SCIE
Stem Cell Reports,STEM CELL REP,3/31,7/32,2213-6711,2213-6711,CELL & TISSUE ENGINEERING,11538.0,5.6,Q1,1.0,100.0,SCIE
PROTEIN SCIENCE,PROTEIN SCI,26/319,72/328,0961-8368,1469-896X,BIOCHEMISTRY & MOLECULAR BIOLOGY,25403.0,5.6,Q1,0.96,57.26,SCIE
Non-coding RNA Research,NON-CODING RNA RES,145/319,72/328,2468-2160,2468-0540,BIOCHEMISTRY & MOLECULAR BIOLOGY,1901.0,5.6,Q1,0.93,100.0,ESCI
Artificial Cells Nanomedicine and Biotechnology,ARTIF CELL NANOMED B,91/175,38/180,2169-1401,2169-141X,BIOTECHNOLOGY & APPLIED MICROBIOLOGY,7718.0,5.6,Q1,0.87,99.25,SCIE
Biomolecules,BIOMOLECULES,91/319,72/328,,2218-273X,BIOCHEMISTRY & MOLECULAR BIOLOGY,65970.0,5.6,Q1,0.71,99.9,SCIE
INTERNATIONAL JOURNAL OF MOLECULAR SCIENCES,INT J MOL SCI,99/319,72/328,1661-6596,1422-0067,BIOCHEMISTRY & MOLECULAR BIOLOGY,565688.0,5.6,Q1,0.68,99.96,SCIE
Cell Regeneration,CELL REGEN,,7/32,,2045-9769,CELL & TISSUE ENGINEERING,921.0,5.6,Q1,0.61,100.0,ESCI
Chemical Biology Letters,CHEM BIOL LETT,271/319,72/328,,2347-9825,BIOCHEMISTRY & MOLECULAR BIOLOGY,382.0,5.6,Q1,0.49,36.71,ESCI
Current Opinion in Insect Science,CURR OPIN INSECT SCI,12/105,10/106,2214-5745,2214-5753,BIOLOGY,6918.0,5.5,Q1,1.66,40.0,SCIE
BIOINFORMATICS,BIOINFORMATICS,3/85,11/85,1367-4803,1367-4811,BIOCHEMICAL RESEARCH METHODS,194389.0,5.5,Q1,1.59,99.95,SCIE
Biology Direct,BIOL DIRECT,22/105,10/106,,1745-6150,BIOLOGY,3522.0,5.5,Q1,1.43,100.0,SCIE
ALTEX-Alternatives to Animal Experimentation,ALTEX-ALTERN ANIM EX,55/187,46/191,1868-596X,1868-8551,"MEDICINE, RESEARCH & EXPERIMENTAL",2408.0,5.5,Q1,1.41,98.36,SCIE
GLIA,GLIA,48/320,59/330,0894-1491,1098-1136,NEUROSCIENCES,16348.0,5.5,Q1,1.36,60.89,SCIE
MOLECULAR NEUROBIOLOGY,MOL NEUROBIOL,114/320,59/330,0893-7648,1559-1182,NEUROSCIENCES,30073.0,5.5,Q1,1.19,25.02,SCIE
JOURNAL OF TRAVEL MEDICINE,J TRAVEL MED,34/315,37/336,1195-1982,1708-8305,"MEDICINE, GENERAL & INTERNAL",4177.0,5.5,Q1,1.18,36.82,SCIE
Cardiovascular Intervention and Therapeutics,CARDIOVASC INTERV TH,86/229,45/237,1868-4300,1868-4297,CARDIAC & CARDIOVASCULAR SYSTEMS,1451.0,5.5,Q1,1.16,32.11,ESCI
NEUROCHEMISTRY INTERNATIONAL,NEUROCHEM INT,117/319,77/328,0197-0186,1872-9754,BIOCHEMISTRY & MOLECULAR BIOLOGY,11562.0,5.5,Q1,1.14,21.08,SCIE
JACC-Advances,JACC-ADV,32/229,45/237,,2772-963X,CARDIAC & CARDIOVASCULAR SYSTEMS,3590.0,5.5,Q1,0.98,99.9,ESCI
Epidemiology and Psychiatric Sciences,EPIDEMIOL PSYCH SCI,14/285,35/293,2045-7960,2045-7979,PSYCHIATRY,5834.0,5.4,Q1,1.51,100.0,"SCIE, SSCI"
BMC BIOLOGY,BMC BIOL,11/105,12/106,,1741-7007,BIOLOGY,14355.0,5.4,Q1,1.42,99.79,SCIE
Journal of Cardiovascular Computed Tomography,J CARDIOVASC COMPUT,40/229,47/237,1934-5925,1934-5925,CARDIAC & CARDIOVASCULAR SYSTEMS,3777.0,5.4,Q1,1.35,27.72,SCIE
BIOLOGICAL RESEARCH,BIOL RES,20/105,12/106,0716-9760,0717-6287,BIOLOGY,4197.0,5.4,Q1,1.34,100.0,SCIE
American Journal of Preventive Cardiology,AM J PREVENT CARDIOL,37/229,47/237,2666-6677,2666-6677,CARDIAC & CARDIOVASCULAR SYSTEMS,2148.0,5.4,Q1,1.33,100.0,ESCI
JOURNAL OF NEUROLOGY,J NEUROL,42/285,33/296,0340-5354,1432-1459,CLINICAL NEUROLOGY,28149.0,5.4,Q1,1.32,52.41,SCIE
European Journal of Cardiovascular Nursing,EUR J CARDIOVASC NUR,63/229,47/237,1474-5151,1873-1953,CARDIAC & CARDIOVASCULAR SYSTEMS,4224.0,5.4,Q1,1.3,42.11,SCIE
Anaesthesia Critical Care & Pain Medicine,ANAESTH CRIT CARE PA,11/69,8/72,2352-5568,2352-5568,ANESTHESIOLOGY,2498.0,5.4,Q1,1.29,39.67,SCIE
FOOD MICROBIOLOGY,FOOD MICROBIOL,62/175,41/180,0740-0020,1095-9998,BIOTECHNOLOGY & APPLIED MICROBIOLOGY,15812.0,5.4,Q1,1.14,27.09,SCIE
AMERICAN JOURNAL OF RESPIRATORY CELL AND MOLECULAR BIOLOGY,AM J RESP CELL MOL,52/319,78/328,1044-1549,1535-4989,BIOCHEMISTRY & MOLECULAR BIOLOGY,13377.0,5.4,Q1,1.1,11.11,SCIE
WIREs Mechanisms of Disease,WIRES MECH DIS,28/187,47/191,2692-9368,2692-9368,"MEDICINE, RESEARCH & EXPERIMENTAL",838.0,5.4,Q1,0.78,44.64,SCIE
ANNALS OF FAMILY MEDICINE,ANN FAM MED,26/315,38/336,1544-1709,1544-1717,"MEDICINE, GENERAL & INTERNAL",6900.0,5.3,Q1,2.31,98.7,SCIE
ANNALS OF THORACIC SURGERY,ANN THORAC SURG,55/229,50/237,0003-4975,1552-6259,CARDIAC & CARDIOVASCULAR SYSTEMS,34197.0,5.3,Q1,1.62,6.62,SCIE
JOURNAL OF PSYCHOPHARMACOLOGY,J PSYCHOPHARMACOL,40/285,34/296,0269-8811,1461-7285,CLINICAL NEUROLOGY,10348.0,5.3,Q1,1.41,46.88,SCIE
NEUROIMAGE,NEUROIMAGE,1/18,2/18,1053-8119,1095-9572,NEUROIMAGING,122818.0,5.3,Q1,1.41,100.0,SCIE
PHILOSOPHICAL TRANSACTIONS OF THE ROYAL SOCIETY B-BIOLOGICAL SCIENCES,PHILOS T R SOC B,8/105,14/106,0962-8436,1471-2970,BIOLOGY,60491.0,5.3,Q1,1.29,64.0,SCIE
JOURNAL OF ENZYME INHIBITION AND MEDICINAL CHEMISTRY,J ENZYM INHIB MED CH,181/319,79/328,1475-6366,1475-6374,BIOCHEMISTRY & MOLECULAR BIOLOGY,9047.0,5.3,Q1,1.25,100.0,SCIE
European Heart Journal - Digital Health,EUR HEART J-DIGIT HL,48/229,50/237,,2634-3916,CARDIAC & CARDIOVASCULAR SYSTEMS,1563.0,5.3,Q1,1.13,100.0,ESCI
Probiotics and Antimicrobial Proteins,PROBIOTICS ANTIMICRO,59/175,42/180,1867-1306,1867-1314,BIOTECHNOLOGY & APPLIED MICROBIOLOGY,7953.0,5.3,Q1,1.06,20.41,SCIE
BRAIN TOPOGRAPHY,BRAIN TOPOGR,84/285,34/296,0896-0267,1573-6792,CLINICAL NEUROLOGY,4234.0,5.3,Q1,0.98,41.15,SCIE
HEART FAILURE REVIEWS,HEART FAIL REV,54/229,50/237,1382-4147,1573-7322,CARDIAC & CARDIOVASCULAR SYSTEMS,5988.0,5.3,Q1,0.97,36.92,SCIE
Obesity Pillars,OBES PILLARS,42/315,38/336,,2667-3681,"MEDICINE, GENERAL & INTERNAL",727.0,5.3,Q1,0.87,99.38,ESCI
Medicine Advances,MED ADV,61/315,38/336,2834-4391,2834-4405,"MEDICINE, GENERAL & INTERNAL",358.0,5.3,Q1,0.53,100.0,ESCI
PSYCHOLOGICAL MEDICINE,PSYCHOL MED,23/285,37/293,0033-2917,1469-8978,PSYCHIATRY,40682.0,5.2,Q1,1.77,83.58,"SCIE, SSCI"
Plant Methods,PLANT METHODS,19/85,12/85,,1746-4811,BIOCHEMICAL RESEARCH METHODS,8745.0,5.2,Q1,1.27,99.8,SCIE
European Stroke Journal,EUR STROKE J,20/285,36/296,2396-9873,2396-9881,CLINICAL NEUROLOGY,3511.0,5.2,Q1,1.25,39.25,SCIE
CHEMICO-BIOLOGICAL INTERACTIONS,CHEM-BIOL INTERACT,133/319,80/328,0009-2797,1872-7786,BIOCHEMISTRY & MOLECULAR BIOLOGY,20894.0,5.2,Q1,1.18,14.65,SCIE
Frontiers in Digital Health,FRONT DIGIT HEALTH,44/180,24/194,,2673-253X,HEALTH CARE SCIENCES & SERVICES,5534.0,5.2,Q1,1.02,100.0,ESCI
JOURNAL OF NUTRITIONAL BIOCHEMISTRY,J NUTR BIOCHEM,118/319,80/328,0955-2863,1873-4847,BIOCHEMISTRY & MOLECULAR BIOLOGY,14951.0,5.2,Q1,1.02,22.38,SCIE
Frontiers in Aging Neuroscience,FRONT AGING NEUROSCI,91/320,65/330,1663-4365,1663-4365,NEUROSCIENCES,35971.0,5.2,Q1,0.99,100.0,SCIE
BIOFACTORS,BIOFACTORS,112/319,80/328,0951-6433,1872-8081,BIOCHEMISTRY & MOLECULAR BIOLOGY,5999.0,5.2,Q1,0.95,34.85,SCIE
Brain Circulation,BRAIN CIRC,127/285,36/296,2394-8108,2455-4626,CLINICAL NEUROLOGY,1017.0,5.2,Q1,0.91,100.0,ESCI
CLEVELAND CLINIC JOURNAL OF MEDICINE,CLEV CLIN J MED,44/315,41/336,0891-1150,1939-2869,"MEDICINE, GENERAL & INTERNAL",2974.0,5.2,Q1,0.74,99.13,SCIE
BRITISH JOURNAL OF GENERAL PRACTICE,BRIT J GEN PRACT,31/315,42/336,0960-1643,1478-5242,"MEDICINE, GENERAL & INTERNAL",10475.0,5.1,Q1,2.19,97.55,SCIE
Spine Journal,SPINE J,44/285,38/296,1529-9430,1878-1632,CLINICAL NEUROLOGY,16410.0,5.1,Q1,1.78,16.92,SCIE
Clinical Psychological Science,CLIN PSYCHOL SCI,27/285,38/293,2167-7026,2167-7034,PSYCHIATRY,5509.0,5.1,Q1,1.4,30.05,SCIE
AMERICAN JOURNAL OF GERIATRIC PSYCHIATRY,AM J GERIAT PSYCHIAT,49/285,38/293,1064-7481,1545-7214,PSYCHIATRY,9677.0,5.1,Q1,1.27,19.03,"SCIE, SSCI"
AMYLOID-JOURNAL OF PROTEIN FOLDING DISORDERS,AMYLOID,28/315,42/336,1350-6129,1744-2818,"MEDICINE, GENERAL & INTERNAL",2531.0,5.1,Q1,1.27,19.35,SCIE
PSYCHIATRY RESEARCH,PSYCHIAT RES,48/285,38/293,0165-1781,1872-7123,PSYCHIATRY,42131.0,5.1,Q1,1.21,36.43,"SCIE, SSCI"
Dialogues in Clinical Neuroscience,DIALOGUES CLIN NEURO,13/320,66/330,1294-8322,1958-5969,NEUROSCIENCES,6839.0,5.1,Q1,0.94,100.0,SCIE
ANNALS OF MICROBIOLOGY,ANN MICROBIOL,71/175,43/180,1590-4261,1869-2044,BIOTECHNOLOGY & APPLIED MICROBIOLOGY,4701.0,5.1,Q1,0.87,100.0,SCIE
Neurospine,NEUROSPINE,86/285,39/296,2586-6583,2586-6591,CLINICAL NEUROLOGY,3054.0,5.0,Q1,1.56,99.68,SCIE
BRAIN PATHOLOGY,BRAIN PATHOL,32/285,39/296,1015-6305,1750-3639,CLINICAL NEUROLOGY,6585.0,5.0,Q1,1.45,100.0,SCIE
JOURNAL OF CARDIOVASCULAR MAGNETIC RESONANCE,J CARDIOVASC MAGN R,45/229,53/237,1097-6647,1532-429X,CARDIAC & CARDIOVASCULAR SYSTEMS,7481.0,5.0,Q1,1.38,100.0,SCIE
JOURNAL OF ANXIETY DISORDERS,J ANXIETY DISORD,36/285,41/293,0887-6185,1873-7897,PSYCHIATRY,10671.0,5.0,Q1,1.36,37.8,SSCI
GigaScience,GIGASCIENCE,8/135,20/140,2047-217X,2047-217X,MULTIDISCIPLINARY SCIENCES,13837.0,5.0,Q1,1.27,98.93,SCIE
Algal Research-Biomass Biofuels and Bioproducts,ALGAL RES,66/175,44/180,2211-9264,2211-9264,BIOTECHNOLOGY & APPLIED MICROBIOLOGY,19504.0,5.0,Q1,1.04,25.7,SCIE
Psychedelic Medicine,PSYCHEDELIC MED,58/320,67/330,2831-4425,2831-4433,NEUROSCIENCES,277.0,5.0,Q1,1.01,7.5,ESCI
INTERNATIONAL JOURNAL OF MEDICAL INFORMATICS,INT J MED INFORM,58/180,25/194,1386-5056,1872-8243,HEALTH CARE SCIENCES & SERVICES,12781.0,5.0,Q1,0.98,47.63,SCIE
BIOCHIMICA ET BIOPHYSICA ACTA-MOLECULAR BASIS OF DISEASE,BBA-MOL BASIS DIS,11/79,9/81,0925-4439,1879-260X,BIOPHYSICS,23286.0,5.0,Q1,0.93,26.81,SCIE
JOURNAL OF NEUROENDOCRINOLOGY,J NEUROENDOCRINOL,102/320,67/330,0953-8194,1365-2826,NEUROSCIENCES,6489.0,5.0,Q1,0.88,48.12,SCIE
Mayo Clinic Proceedings: Digital Health,MAYO CLIN P DIGIT H,35/180,25/194,,2949-7612,HEALTH CARE SCIENCES & SERVICES,745.0,5.0,Q1,0.88,99.43,ESCI
Bioresource Technology Reports,BIORESOUR TECH REP,,44/180,2589-014X,2589-014X,BIOTECHNOLOGY & APPLIED MICROBIOLOGY,8799.0,5.0,Q1,0.85,17.1,ESCI
Therapeutic Advances in Psychopharmacology,THER ADV PSYCHOPHARM,68/285,41/293,2045-1253,2045-1261,PSYCHIATRY,1679.0,5.0,Q1,0.77,100.0,SCIE
Biophysical Reviews,BIOPHYS REV-GER,,9/81,1867-2450,1867-2469,BIOPHYSICS,4910.0,5.0,Q1,0.76,32.45,ESCI
Presse Medicale,PRESSE MED,48/315,44/336,0755-4982,2213-0276,"MEDICINE, GENERAL & INTERNAL",2271.0,5.0,Q1,0.69,27.55,SCIE
Child and Adolescent Psychiatry and Mental Health,CHILD ADOL PSYCH MEN,62/285,44/293,,1753-2000,PSYCHIATRY,4715.0,4.9,Q1,1.74,100.0,"SCIE, SSCI"
Biological Psychiatry-Cognitive Neuroscience and Neuroimaging,BIOL PSYCHIAT-COGN N,40/320,70/330,2451-9022,2451-9030,NEUROSCIENCES,5456.0,4.9,Q1,1.33,39.71,SCIE
"Alzheimer's & Dementia: Diagnosis, Assessment & Disease Monitoring",ALZH DEMENT-DADM,34/285,41/296,,2352-8729,CLINICAL NEUROLOGY,4349.0,4.9,Q1,1.25,100.0,ESCI
ANNALS OF MEDICINE,ANN MED,49/315,45/336,0785-3890,1365-2060,"MEDICINE, GENERAL & INTERNAL",13491.0,4.9,Q1,1.23,99.95,SCIE
Scientific Reports,SCI REP-UK,29/135,21/140,2045-2322,2045-2322,MULTIDISCIPLINARY SCIENCES,1061414.0,4.9,Q1,1.13,99.94,SCIE
BIOELECTROCHEMISTRY,BIOELECTROCHEMISTRY,38/105,15/106,1567-5394,1878-562X,BIOLOGY,8368.0,4.9,Q1,1.11,20.22,SCIE
Asian Journal of Psychiatry,ASIAN J PSYCHIATR,93/285,44/293,1876-2018,1876-2026,PSYCHIATRY,7765.0,4.9,Q1,1.05,19.37,SCIE
BIOLOGICAL PROCEDURES ONLINE,BIOL PROCED ONLINE,24/85,13/85,,1480-9222,BIOCHEMICAL RESEARCH METHODS,1525.0,4.9,Q1,1.05,100.0,SCIE
BioScience Trends,BIOSCI TRENDS,29/105,15/106,1881-7815,1881-7823,BIOLOGY,2554.0,4.9,Q1,1.0,100.0,SCIE
International Journal of Health Policy and Management,INT J HEALTH POLICY,28/180,27/194,,2322-5939,HEALTH CARE SCIENCES & SERVICES,4310.0,4.9,Q1,0.99,99.47,SCIE
NPJ Microgravity,NPJ MICROGRAVITY,25/135,21/140,,2373-8065,MULTIDISCIPLINARY SCIENCES,2500.0,4.9,Q1,0.97,100.0,SCIE
JOURNAL OF MOLECULAR AND CELLULAR CARDIOLOGY,J MOL CELL CARDIOL,51/229,54/237,0022-2828,1095-8584,CARDIAC & CARDIOVASCULAR SYSTEMS,14293.0,4.9,Q1,0.93,22.49,SCIE
International Journal of Tryptophan Research,INT J TRYPTOPHAN RES,131/320,70/330,1178-6469,1178-6469,NEUROSCIENCES,1064.0,4.9,Q1,0.85,100.0,ESCI
PNAS Nexus,PNAS NEXUS,19/135,23/140,,2752-6542,MULTIDISCIPLINARY SCIENCES,6584.0,4.8,Q1,2.02,99.57,ESCI
COMPREHENSIVE PSYCHIATRY,COMPR PSYCHIAT,45/285,47/293,0010-440X,1532-8384,PSYCHIATRY,8957.0,4.8,Q1,1.41,99.6,"SCIE, SSCI"
Stroke and Vascular Neurology,STROKE VASC NEUROL,35/285,42/296,2059-8688,2059-8696,CLINICAL NEUROLOGY,3496.0,4.8,Q1,1.32,100.0,SCIE
Sleep Health,SLEEP HEALTH,68/285,42/296,2352-7218,2352-7226,CLINICAL NEUROLOGY,5144.0,4.8,Q1,1.26,22.86,SCIE
EXPERIMENTAL NEUROLOGY,EXP NEUROL,108/320,73/330,0014-4886,1090-2430,NEUROSCIENCES,21858.0,4.8,Q1,1.09,25.38,SCIE
INTERNATIONAL JOURNAL OF NEUROPSYCHOPHARMACOLOGY,INT J NEUROPSYCHOPH,43/285,42/296,1461-1457,1469-5111,CLINICAL NEUROLOGY,7498.0,4.8,Q1,1.07,100.0,SCIE
JOURNAL OF PSYCHIATRY & NEUROSCIENCE,J PSYCHIATR NEUROSCI,87/320,73/330,1180-4882,1488-2434,NEUROSCIENCES,4019.0,4.8,Q1,1.01,100.0,SCIE
REVIEWS IN THE NEUROSCIENCES,REV NEUROSCIENCE,119/320,73/330,0334-1763,2191-0200,NEUROSCIENCES,3666.0,4.8,Q1,0.9,20.0,SCIE
Polish Archives of Internal Medicine-Polskie Archiwum Medycyny Wewnetrznej,POL ARCH INTERN MED,77/315,46/336,0032-3772,1897-9483,"MEDICINE, GENERAL & INTERNAL",2653.0,4.8,Q1,0.84,100.0,SCIE
YALE JOURNAL OF BIOLOGY AND MEDICINE,YALE J BIOL MED,25/105,17/106,0044-0086,1551-4056,BIOLOGY,3676.0,4.8,Q1,0.76,91.47,SCIE
Current Pain and Headache Reports,CURR PAIN HEADACHE R,94/285,42/296,1531-3433,1534-3081,CLINICAL NEUROLOGY,4942.0,4.8,Q1,0.75,19.54,SCIE
Health Data Science,HEALTH DATA SCI,49/180,28/194,,2765-8783,HEALTH CARE SCIENCES & SERVICES,391.0,4.8,Q1,0.75,100.0,ESCI
IET Nanobiotechnology,IET NANOBIOTECHNOL,46/85,14/85,1751-8741,1751-875X,BIOCHEMICAL RESEARCH METHODS,2942.0,4.8,Q1,0.73,100.0,SCIE
JOURNAL OF THORACIC AND CARDIOVASCULAR SURGERY,J THORAC CARDIOV SUR,49/229,55/237,0022-5223,1097-685X,CARDIAC & CARDIOVASCULAR SYSTEMS,29498.0,4.7,Q1,1.86,7.81,SCIE
ANESTHESIA AND ANALGESIA,ANESTH ANALG,6/69,9/72,0003-2999,1526-7598,ANESTHESIOLOGY,31686.0,4.7,Q1,1.73,10.98,SCIE
AMERICAN JOURNAL OF PREVENTIVE MEDICINE,AM J PREV MED,29/315,47/336,0749-3797,1873-2607,"MEDICINE, GENERAL & INTERNAL",27112.0,4.7,Q1,1.54,19.27,SCIE
HEALTH POLICY,HEALTH POLICY,56/180,29/194,0168-8510,1872-6054,HEALTH CARE SCIENCES & SERVICES,9762.0,4.7,Q1,1.36,63.03,SCIE
PHARMACOECONOMICS,PHARMACOECONOMICS,16/180,29/194,1170-7690,1179-2027,HEALTH CARE SCIENCES & SERVICES,8214.0,4.7,Q1,1.3,70.85,SCIE
NEUROPHARMACOLOGY,NEUROPHARMACOLOGY,96/320,77/330,0028-3908,1873-7064,NEUROSCIENCES,24274.0,4.7,Q1,1.29,30.46,SCIE
Neurology and Therapy,NEUROL THER,48/285,46/296,2193-8253,2193-6536,CLINICAL NEUROLOGY,3130.0,4.7,Q1,1.26,100.0,SCIE
INTERNATIONAL JOURNAL OF EATING DISORDERS,INT J EAT DISORDER,60/285,50/293,0276-3478,1098-108X,PSYCHIATRY,14790.0,4.7,Q1,1.25,55.88,"SCIE, SSCI"
ACTA PSYCHIATRICA SCANDINAVICA,ACTA PSYCHIAT SCAND,25/285,50/293,0001-690X,1600-0447,PSYCHIATRY,15083.0,4.7,Q1,1.2,68.28,"SCIE, SSCI"
JMIR Serious Games,JMIR SERIOUS GAMES,53/180,29/194,2291-9279,2291-9279,HEALTH CARE SCIENCES & SERVICES,3631.0,4.7,Q1,1.16,98.38,SCIE
IEEE Transactions on Cognitive and Developmental Systems,IEEE T COGN DEV SYST,123/320,77/330,2379-8920,2379-8939,NEUROSCIENCES,4134.0,4.7,Q1,1.11,5.21,SCIE
JOURNAL OF CEREBRAL BLOOD FLOW AND METABOLISM,J CEREBR BLOOD F MET,55/320,77/330,0271-678X,1559-7016,NEUROSCIENCES,21191.0,4.7,Q1,1.08,39.82,SCIE
JAMIA Open,JAMIA OPEN,51/180,29/194,,2574-2531,HEALTH CARE SCIENCES & SERVICES,2643.0,4.7,Q1,0.98,99.53,ESCI
Journal of Evidence Based Medicine,J EVID-BASED MED,47/315,47/336,1756-5383,1756-5391,"MEDICINE, GENERAL & INTERNAL",1674.0,4.7,Q1,0.94,39.57,SCIE
CURRENT OPINION IN NEUROLOGY,CURR OPIN NEUROL,55/285,46/296,1350-7540,1473-6551,CLINICAL NEUROLOGY,6465.0,4.7,Q1,0.91,18.97,SCIE
Synthetic Biology,SYN BIOL,11/85,15/85,,2397-7000,BIOCHEMICAL RESEARCH METHODS,578.0,4.7,Q1,0.58,100.0,SCIE
Developmental Cognitive Neuroscience,DEV COGN NEUROS-NETH,41/320,81/330,1878-9293,1878-9307,NEUROSCIENCES,8322.0,4.6,Q1,1.53,100.0,SCIE
Journal of Psychopathology and Clinical Science,J PSYCHOPATHOL CLIN,39/285,52/293,2769-7541,2769-755X,PSYCHIATRY,1182.0,4.6,Q1,1.47,62.15,SSCI
PROGRESS IN NEUROBIOLOGY,PROG NEUROBIOL,31/320,81/330,0301-0082,1873-5118,NEUROSCIENCES,14421.0,4.6,Q1,1.29,50.0,SCIE
BMC Psychiatry,BMC PSYCHIATRY,75/285,52/293,,1471-244X,PSYCHIATRY,35871.0,4.6,Q1,1.22,99.94,SCIE
JOURNAL OF PHYSIOLOGY-LONDON,J PHYSIOL-LONDON,69/320,81/330,0022-3751,1469-7793,NEUROSCIENCES,50248.0,4.6,Q1,1.22,58.48,SCIE
Journal of Healthcare Informatics Research,J HEALTHC INFORM RES,40/180,33/194,2509-4971,2509-498X,HEALTH CARE SCIENCES & SERVICES,919.0,4.6,Q1,1.1,54.81,ESCI
Neuro-Oncology Advances,NEURO-ONCOL ADV,52/285,48/296,,2632-2498,CLINICAL NEUROLOGY,4099.0,4.6,Q1,0.98,100.0,ESCI
STRUCTURE,STRUCTURE,7/79,12/81,0969-2126,1878-4186,BIOPHYSICS,15032.0,4.6,Q1,0.94,25.84,SCIE
JOURNAL OF SLEEP RESEARCH,J SLEEP RES,73/285,48/296,0962-1105,1365-2869,CLINICAL NEUROLOGY,12151.0,4.6,Q1,0.92,63.24,SCIE
CNS SPECTRUMS,CNS SPECTRUMS,67/285,48/296,1092-8529,2165-6509,CLINICAL NEUROLOGY,4296.0,4.6,Q1,0.86,81.25,SCIE
CLINICAL AUTONOMIC RESEARCH,CLIN AUTON RES,76/285,48/296,0959-9851,1619-1560,CLINICAL NEUROLOGY,2863.0,4.6,Q1,0.79,35.9,SCIE
JOURNAL OF NEUROCHEMISTRY,J NEUROCHEM,106/320,81/330,0022-3042,1471-4159,NEUROSCIENCES,29950.0,4.6,Q1,0.78,47.25,SCIE
European Cardiology Review,EUR CARDIOL REV,66/229,56/237,1758-3756,1758-3756,CARDIAC & CARDIOVASCULAR SYSTEMS,1277.0,4.6,Q1,0.67,96.59,ESCI
Epilepsy Currents,EPILEPSY CURR,29/285,48/296,1535-7597,1535-7511,CLINICAL NEUROLOGY,1378.0,4.6,Q1,0.51,100.0,SCIE
ACADEMIC MEDICINE,ACAD MED,15/180,34/194,1040-2446,1938-808X,HEALTH CARE SCIENCES & SERVICES,24475.0,4.5,Q1,1.66,10.17,SCIE
Mayo Clinic Proceedings-Innovations Quality & Outcomes,MAYO CLIN P INN QUAL,,34/194,,2542-4548,HEALTH CARE SCIENCES & SERVICES,1543.0,4.5,Q1,1.39,100.0,ESCI
Brain Communications,BRAIN COMMUN,36/285,53/296,,2632-1297,CLINICAL NEUROLOGY,8452.0,4.5,Q1,1.18,99.91,ESCI
Schizophrenia,SCHIZOPHRENIA-UK,58/285,55/293,,2754-6993,PSYCHIATRY,1693.0,4.5,Q1,1.17,100.0,SCIE
MEDICAL CLINICS OF NORTH AMERICA,MED CLIN N AM,37/315,49/336,0025-7125,1557-9859,"MEDICINE, GENERAL & INTERNAL",6839.0,4.5,Q1,1.16,4.29,SCIE
ACS Synthetic Biology,ACS SYNTH BIOL,12/85,16/85,2161-5063,,BIOCHEMICAL RESEARCH METHODS,14596.0,4.5,Q1,1.08,30.22,SCIE
ANNALS OF THE NEW YORK ACADEMY OF SCIENCES,ANN NY ACAD SCI,18/135,24/140,0077-8923,1749-6632,MULTIDISCIPLINARY SCIENCES,45077.0,4.5,Q1,1.04,54.47,SCIE
International Journal of Bipolar Disorders,INT J BIPOLAR DISORD,70/285,55/293,2194-7511,2194-7511,PSYCHIATRY,1316.0,4.5,Q1,0.98,100.0,SCIE
iScience,ISCIENCE,24/135,24/140,,2589-0042,MULTIDISCIPLINARY SCIENCES,57379.0,4.5,Q1,0.92,99.9,SCIE
ACTA BIOCHIMICA ET BIOPHYSICA SINICA,ACTA BIOCH BIOPH SIN,24/79,13/81,1672-9145,1745-7270,BIOPHYSICS,6868.0,4.5,Q1,0.84,99.79,SCIE
BBA Advances,BBA ADV,25/79,13/81,,2667-1603,BIOPHYSICS,516.0,4.5,Q1,0.82,100.0,ESCI
Balkan Medical Journal,BALK MED J,81/315,49/336,2146-3123,2146-3131,"MEDICINE, GENERAL & INTERNAL",1505.0,4.5,Q1,0.81,98.47,SCIE
BIOCONJUGATE CHEMISTRY,BIOCONJUGATE CHEM,25/85,16/85,1043-1802,1520-4812,BIOCHEMICAL RESEARCH METHODS,15983.0,4.5,Q1,0.8,20.26,SCIE
Biophysics Reviews,BIOPHYS REV-US,16/79,13/81,2688-4089,2688-4089,BIOPHYSICS,509.0,4.5,Q1,0.76,28.92,ESCI
PROGRESS IN BIOPHYSICS & MOLECULAR BIOLOGY,PROG BIOPHYS MOL BIO,22/79,13/81,0079-6107,1873-1732,BIOPHYSICS,4726.0,4.5,Q1,0.57,19.35,SCIE
BEHAVIOR THERAPY,BEHAV THER,51/285,57/293,0005-7894,1878-1888,PSYCHIATRY,8105.0,4.4,Q1,1.6,24.61,SSCI
Journal of NeuroInterventional Surgery,J NEUROINTERV SURG,5/18,3/18,1759-8478,1759-8486,NEUROIMAGING,11341.0,4.4,Q1,1.56,14.76,SCIE
EUROPEAN CHILD & ADOLESCENT PSYCHIATRY,EUR CHILD ADOLES PSY,40/285,57/293,1018-8827,1435-165X,PSYCHIATRY,12876.0,4.4,Q1,1.46,57.0,"SCIE, SSCI"
Patient-Patient Centered Outcomes Research,PATIENT,39/180,36/194,1178-1653,1178-1661,HEALTH CARE SCIENCES & SERVICES,2959.0,4.4,Q1,1.23,62.05,SCIE
Current Opinion in Behavioral Sciences,CURR OPIN BEHAV SCI,4/55,4/57,2352-1546,2352-1554,BEHAVIORAL SCIENCES,7949.0,4.4,Q1,1.16,56.49,SCIE
JOURNAL OF PAIN,J PAIN,51/285,54/296,1526-5900,1528-8447,CLINICAL NEUROLOGY,15525.0,4.4,Q1,1.14,24.86,SCIE
Child and Adolescent Mental Health,CHILD ADOL MENT H-UK,30/285,57/293,1475-357X,1475-3588,PSYCHIATRY,2680.0,4.4,Q1,1.1,67.01,"SCIE, SSCI"
HEART,HEART,46/229,57/237,1355-6037,1468-201X,CARDIAC & CARDIOVASCULAR SYSTEMS,19455.0,4.4,Q1,1.09,27.59,SCIE
CANADIAN JOURNAL OF PSYCHIATRY-REVUE CANADIENNE DE PSYCHIATRIE,CAN J PSYCHIAT,71/285,57/293,0706-7437,1497-0015,PSYCHIATRY,8175.0,4.4,Q1,1.05,60.0,"SCIE, SSCI"
NEJM Catalyst Innovations in Care Delivery,NEJM CATAL INNOV CAR,25/180,36/194,,2642-0007,HEALTH CARE SCIENCES & SERVICES,1113.0,4.4,Q1,1.05,0.0,ESCI
GENERAL HOSPITAL PSYCHIATRY,GEN HOSP PSYCHIAT,46/285,57/293,0163-8343,1873-7714,PSYCHIATRY,8301.0,4.4,Q1,0.98,22.09,"SCIE, SSCI"
Pain and Therapy,PAIN THER,77/285,54/296,2193-8237,2193-651X,CLINICAL NEUROLOGY,3045.0,4.4,Q1,0.97,100.0,SCIE
BMC BIOINFORMATICS,BMC BIOINFORMATICS,13/85,18/85,1471-2105,1471-2105,BIOCHEMICAL RESEARCH METHODS,55978.0,4.4,Q1,0.96,100.0,SCIE
JOURNAL OF NEURAL TRANSMISSION,J NEURAL TRANSM,96/285,54/296,0300-9564,1435-1463,CLINICAL NEUROLOGY,9369.0,4.4,Q1,0.86,46.68,SCIE
Echo Research and Practice,ECHO RES PRACT,52/229,57/237,2055-0464,2055-0464,CARDIAC & CARDIOVASCULAR SYSTEMS,769.0,4.4,Q1,0.83,100.0,ESCI
Journal of Cardiovascular Aging,J CARDIOVASC AGING,56/229,57/237,,2768-5993,CARDIAC & CARDIOVASCULAR SYSTEMS,318.0,4.4,Q1,0.67,72.58,ESCI
Dental and Medical Problems,DENT MED PROBL,110/315,52/336,1644-387X,2300-9020,"MEDICINE, GENERAL & INTERNAL",1812.0,4.3,Q1,1.38,100.0,ESCI
Acta Crystallographica Section D-Structural Biology,ACTA CRYSTALLOGR D,10/85,19/85,2059-7983,2059-7983,BIOCHEMICAL RESEARCH METHODS,19882.0,4.3,Q1,1.12,78.5,SCIE
EUROPEAN JOURNAL OF NEUROLOGY,EUR J NEUROL,59/285,57/296,1351-5101,1468-1331,CLINICAL NEUROLOGY,18833.0,4.3,Q1,1.1,84.23,SCIE
Pain Reports,PAIN REP,9/69,10/72,,2471-2531,ANESTHESIOLOGY,2727.0,4.3,Q1,1.07,100.0,ESCI
PARKINSONISM & RELATED DISORDERS,PARKINSONISM RELAT D,71/285,57/296,1353-8020,1873-5126,CLINICAL NEUROLOGY,15104.0,4.3,Q1,1.03,21.57,SCIE
Drug Healthcare and Patient Safety,DRUG HEALTHC PATIENT,96/180,38/194,1179-1365,1179-1365,HEALTH CARE SCIENCES & SERVICES,621.0,4.3,Q1,0.94,100.0,ESCI
Biology-Basel,BIOLOGY-BASEL,30/105,19/106,,2079-7737,BIOLOGY,32407.0,4.3,Q1,0.89,99.98,SCIE
Clinical Proteomics,CLIN PROTEOM,22/85,19/85,1542-6416,1559-0275,BIOCHEMICAL RESEARCH METHODS,1649.0,4.3,Q1,0.87,100.0,SCIE
FASEB JOURNAL,FASEB J,23/105,19/106,0892-6638,1530-6860,BIOLOGY,52322.0,4.3,Q1,0.85,42.02,SCIE
Expert Review of Neurotherapeutics,EXPERT REV NEUROTHER,89/285,57/296,1473-7175,1744-8360,CLINICAL NEUROLOGY,6194.0,4.3,Q1,0.68,7.36,SCIE
European Journal of Psychotraumatology,EUR J PSYCHOTRAUMATO,65/285,62/293,2000-8198,2000-8066,PSYCHIATRY,8733.0,4.2,Q1,1.26,100.0,SSCI
JOURNAL OF CLINICAL PSYCHIATRY,J CLIN PSYCHIAT,38/285,62/293,0160-6689,1555-2101,PSYCHIATRY,18359.0,4.2,Q1,1.18,1.44,"SCIE, SSCI"
APPETITE,APPETITE,11/55,5/57,0195-6663,1095-8304,BEHAVIORAL SCIENCES,28139.0,4.2,Q1,1.12,52.22,SCIE
PROGRESS IN NEURO-PSYCHOPHARMACOLOGY & BIOLOGICAL PSYCHIATRY,PROG NEURO-PSYCHOPH,63/285,61/296,0278-5846,1878-4216,CLINICAL NEUROLOGY,15762.0,4.2,Q1,1.11,26.79,SCIE
NeuroImage-Clinical,NEUROIMAGE-CLIN,4/18,4/18,2213-1582,2213-1582,NEUROIMAGING,16320.0,4.2,Q1,1.07,99.83,SCIE
Translational Stroke Research,TRANSL STROKE RES,55/285,61/296,1868-4483,1868-601X,CLINICAL NEUROLOGY,4832.0,4.2,Q1,1.01,32.94,SCIE
Korean Journal of Pain,KOREAN J PAIN,140/285,61/296,2005-9159,2093-0569,CLINICAL NEUROLOGY,1467.0,4.2,Q1,0.99,100.0,SCIE
IEEE TRANSACTIONS ON NANOBIOSCIENCE,IEEE T NANOBIOSCI,50/85,21/85,1536-1241,1558-2639,BIOCHEMICAL RESEARCH METHODS,2409.0,4.2,Q1,0.95,4.57,SCIE
Neurocritical Care,NEUROCRIT CARE,81/285,61/296,1541-6933,1556-0961,CLINICAL NEUROLOGY,7605.0,4.2,Q1,0.94,29.56,SCIE
International Journal of Mental Health Systems,INT J MENT HEALTH SY,72/285,62/293,1752-4458,1752-4458,PSYCHIATRY,3416.0,4.2,Q1,0.93,100.0,SSCI
Current Research in Structural Biology,CURR RES STRUCT BIOL,20/79,18/81,,2665-928X,BIOPHYSICS,523.0,4.2,Q1,0.83,100.0,ESCI
Machine Learning-Science and Technology,MACH LEARN-SCI TECHN,23/135,26/140,,2632-2153,MULTIDISCIPLINARY SCIENCES,4910.0,4.2,Q1,0.79,100.0,SCIE
Forecasting,FORECASTING-BASEL,45/135,26/140,,2571-9394,MULTIDISCIPLINARY SCIENCES,809.0,4.2,Q1,0.7,100.0,ESCI
PRIMARY CARE,PRIMARY CARE,50/315,53/336,0095-4543,1558-299X,"MEDICINE, GENERAL & INTERNAL",2740.0,4.1,Q1,2.14,2.63,SCIE
Health Affairs Scholar,HLTH AFF SCH,19/180,39/194,,2976-5390,HEALTH CARE SCIENCES & SERVICES,1045.0,4.1,Q1,1.2,99.0,ESCI
Research Involvement and Engagement,RES INVOLVE ENGAGEM,,39/194,,2056-7529,HEALTH CARE SCIENCES & SERVICES,2678.0,4.1,Q1,1.17,100.0,ESCI
JCPP Advances,JCPP ADV,52/285,66/293,2692-9384,2692-9384,PSYCHIATRY,1050.0,4.1,Q1,1.16,99.57,ESCI
Mindfulness,MINDFULNESS,93/285,66/293,1868-8527,1868-8535,PSYCHIATRY,11953.0,4.1,Q1,1.14,49.2,SSCI
SLEEP MEDICINE,SLEEP MED,83/285,65/296,1389-9457,1878-5506,CLINICAL NEUROLOGY,21113.0,4.1,Q1,1.12,30.82,SCIE
JOURNAL OF GENERAL INTERNAL MEDICINE,J GEN INTERN MED,20/180,39/194,0884-8734,1525-1497,HEALTH CARE SCIENCES & SERVICES,35343.0,4.1,Q1,1.11,30.44,SCIE
Multiple Sclerosis Journal,MULT SCLER J,37/285,65/296,1352-4585,1477-0970,CLINICAL NEUROLOGY,13601.0,4.1,Q1,1.04,35.48,SCIE
AUSTRALIAN AND NEW ZEALAND JOURNAL OF PSYCHIATRY,AUST NZ J PSYCHIAT,43/285,66/293,0004-8674,1440-1614,PSYCHIATRY,9187.0,4.1,Q1,0.99,66.14,"SCIE, SSCI"
Journal of Anesthesia Analgesia and Critical Care,J ANESTH ANALG CRIT,20/69,11/72,,2731-3786,ANESTHESIOLOGY,792.0,4.1,Q1,0.85,100.0,ESCI
Internal and Emergency Medicine,INTERN EMERG MED,74/315,53/336,1828-0447,1970-9366,"MEDICINE, GENERAL & INTERNAL",5859.0,4.1,Q1,0.81,38.76,SCIE
EUROPEAN JOURNAL OF CLINICAL INVESTIGATION,EUR J CLIN INVEST,56/315,53/336,0014-2972,1365-2362,"MEDICINE, GENERAL & INTERNAL",8955.0,4.1,Q1,0.75,49.9,SCIE
NEUROSCIENTIST,NEUROSCIENTIST,38/285,65/296,1073-8584,1089-4098,CLINICAL NEUROLOGY,5962.0,4.1,Q1,0.7,33.77,SCIE
Natural Sciences,NAT SCI-GER,31/135,28/140,2698-6248,2698-6248,MULTIDISCIPLINARY SCIENCES,521.0,4.1,Q1,0.5,100.0,ESCI
Sci,SCI-BASEL,,28/140,,2413-4155,MULTIDISCIPLINARY SCIENCES,957.0,4.1,Q1,0.5,100.0,ESCI
Korean Journal of Anesthesiology,KOREAN J ANESTHESIOL,7/69,12/72,2005-6419,2005-7563,ANESTHESIOLOGY,5545.0,4.0,Q1,2.12,100.0,SCIE
MEDICAL TEACHER,MED TEACH,34/180,42/194,0142-159X,1466-187X,HEALTH CARE SCIENCES & SERVICES,15537.0,4.0,Q1,1.5,7.33,SCIE
NEUROREHABILITATION AND NEURAL REPAIR,NEUROREHAB NEURAL RE,53/285,68/296,1545-9683,1552-6844,CLINICAL NEUROLOGY,7792.0,4.0,Q1,1.43,32.76,SCIE
REGIONAL ANESTHESIA AND PAIN MEDICINE,REGION ANESTH PAIN M,14/69,12/72,1098-7339,1532-8651,ANESTHESIOLOGY,8824.0,4.0,Q1,1.37,16.77,SCIE
PAIN MEDICINE,PAIN MED,16/69,12/72,1526-2375,1526-4637,ANESTHESIOLOGY,11289.0,4.0,Q1,1.15,30.8,SCIE
Biological Psychiatry: Global Open Science,BIOL PSYCHIAT-GLOB O,44/285,69/293,2667-1743,2667-1743,PSYCHIATRY,1447.0,4.0,Q1,1.1,100.0,ESCI
Interface Focus,INTERFACE FOCUS,17/105,21/106,2042-8898,2042-8901,BIOLOGY,3417.0,4.0,Q1,1.07,62.02,SCIE
AIMS Public Health,AIMS PUBLIC HEALTH,87/180,42/194,2327-8994,2327-8994,HEALTH CARE SCIENCES & SERVICES,1548.0,4.0,Q1,1.06,100.0,ESCI
JMIR Infodemiology,JMIR INFODEMIOL,81/180,42/194,,2564-1891,HEALTH CARE SCIENCES & SERVICES,564.0,4.0,Q1,1.03,98.57,ESCI
JOURNAL OF PAIN AND SYMPTOM MANAGEMENT,J PAIN SYMPTOM MANAG,64/285,68/296,0885-3924,1873-6513,CLINICAL NEUROLOGY,16803.0,4.0,Q1,1.03,19.51,SCIE
Therapeutic Advances in Neurological Disorders,THER ADV NEUROL DISO,57/285,68/296,1756-2856,1756-2864,CLINICAL NEUROLOGY,3490.0,4.0,Q1,1.03,100.0,SCIE
JOURNAL OF PHOTOCHEMISTRY AND PHOTOBIOLOGY B-BIOLOGY,J PHOTOCH PHOTOBIO B,36/79,19/81,1011-1344,1873-2682,BIOPHYSICS,16103.0,4.0,Q1,0.96,15.37,SCIE
BJPsych Open,BJPSYCH OPEN,69/285,69/293,2056-4724,2056-4724,PSYCHIATRY,5248.0,4.0,Q1,0.94,99.54,"SCIE, SSCI"
Neurological Research and Practice,NEUROL RES PRACT,46/285,68/296,,2524-3489,CLINICAL NEUROLOGY,1493.0,4.0,Q1,0.94,100.0,ESCI
BEHAVIOURAL NEUROLOGY,BEHAV NEUROL,171/285,68/296,0953-4180,1875-8584,CLINICAL NEUROLOGY,2361.0,4.0,Q1,0.85,100.0,SCIE
Journal of Movement Disorders,J MOV DISORD,104/285,68/296,2005-940X,2093-4939,CLINICAL NEUROLOGY,1150.0,4.0,Q1,0.72,100.0,SCIE
Neurodegenerative Diseases,NEURODEGENER DIS,162/285,68/296,1660-2854,1660-2862,CLINICAL NEUROLOGY,1459.0,4.0,Q1,0.58,52.0,SCIE
CLINICAL MEDICINE,CLIN MED,55/315,59/336,1470-2118,1473-4893,"MEDICINE, GENERAL & INTERNAL",6122.0,3.9,Q1,1.6,99.71,SCIE
Autism Research,AUTISM RES,5/55,6/57,1939-3792,1939-3806,BEHAVIORAL SCIENCES,10263.0,3.9,Q1,1.39,54.67,SCIE
Diagnostic and Prognostic Research,DIAGN PROGN RES,,59/336,,2397-7523,"MEDICINE, GENERAL & INTERNAL",961.0,3.9,Q1,1.16,100.0,ESCI
Health and Quality of Life Outcomes,HEALTH QUAL LIFE OUT,48/180,46/194,,1477-7525,HEALTH CARE SCIENCES & SERVICES,16330.0,3.9,Q1,1.16,100.0,SCIE
PSYCHOLOGY OF SPORT AND EXERCISE,PSYCHOL SPORT EXERC,25/93,13/93,1469-0292,1878-5476,PSYCHOLOGY,11478.0,3.9,Q1,1.15,49.5,SCIE
International Journal of Mental Health Nursing,INT J MENT HEALTH NU,100/285,71/293,1445-8330,1447-0349,PSYCHIATRY,5943.0,3.9,Q1,1.09,65.67,"SCIE, SSCI"
EUROPEAN ARCHIVES OF PSYCHIATRY AND CLINICAL NEUROSCIENCE,EUR ARCH PSY CLIN N,81/285,71/293,0940-1334,1433-8491,PSYCHIATRY,7120.0,3.9,Q1,1.05,47.28,SCIE
Digital Health,DIGIT HEALTH,74/180,46/194,2055-2076,2055-2076,HEALTH CARE SCIENCES & SERVICES,9301.0,3.9,Q1,1.02,99.72,SCIE
PSYCHO-ONCOLOGY,PSYCHO-ONCOLOGY,20/93,13/93,1057-9249,1099-1611,PSYCHOLOGY,15913.0,3.9,Q1,0.99,52.73,SCIE
JMIR Human Factors,JMIR HUM FACTORS,72/180,46/194,2292-9495,2292-9495,HEALTH CARE SCIENCES & SERVICES,3291.0,3.9,Q1,0.91,99.67,ESCI
BIPOLAR DISORDERS,BIPOLAR DISORD,36/285,71/293,1398-5647,1399-5618,PSYCHIATRY,5403.0,3.9,Q1,0.85,59.26,SCIE
Cambridge Prisms-Global Mental Health,CAMB PRISM-GLOB MENT,102/285,71/293,2054-4251,2054-4251,PSYCHIATRY,880.0,3.9,Q1,0.76,99.46,SCIE
Life-Basel,LIFE-BASEL,32/105,22/106,,2075-1729,BIOLOGY,33596.0,3.9,Q1,0.73,99.97,SCIE
EUROPEAN JOURNAL OF PAIN,EUR J PAIN,13/69,15/72,1090-3801,1532-2149,ANESTHESIOLOGY,10263.0,3.8,Q1,1.04,67.28,SCIE
CANADIAN FAMILY PHYSICIAN,CAN FAM PHYSICIAN,54/315,61/336,0008-350X,1715-5258,"MEDICINE, GENERAL & INTERNAL",4822.0,3.8,Q1,0.95,99.21,SCIE
Diagnostics,DIAGNOSTICS,76/315,61/336,,2075-4418,"MEDICINE, GENERAL & INTERNAL",50959.0,3.8,Q1,0.89,99.95,SCIE
BIOCHIMICA ET BIOPHYSICA ACTA-MOLECULAR AND CELL BIOLOGY OF LIPIDS,BBA-MOL CELL BIOL L,18/79,20/81,1388-1981,1879-2618,BIOPHYSICS,11622.0,3.8,Q1,0.74,35.64,SCIE
Discover Applied Sciences,DISCOV APPL SCI,53/135,30/140,,3004-9261,MULTIDISCIPLINARY SCIENCES,4112.0,3.8,Q1,0.63,99.78,ESCI
Frontiers in Big Data,FRONT BIG DATA,32/135,30/140,,2624-909X,MULTIDISCIPLINARY SCIENCES,2258.0,3.8,Q1,0.52,100.0,ESCI
PHILOSOPHICAL TRANSACTIONS OF THE ROYAL SOCIETY A-MATHEMATICAL PHYSICAL AND ENGINEERING SCIENCES,PHILOS T R SOC A,21/135,32/140,1364-503X,1471-2962,MULTIDISCIPLINARY SCIENCES,29724.0,3.7,Q1,0.93,45.78,SCIE
NEUROPSYCHOBIOLOGY,NEUROPSYCHOBIOLOGY,27/93,15/93,0302-282X,1423-0224,PSYCHOLOGY,2861.0,3.7,Q1,0.86,38.82,SCIE
International Journal of Medical Sciences,INT J MED SCI,79/315,63/336,1449-1907,1449-1907,"MEDICINE, GENERAL & INTERNAL",9910.0,3.7,Q1,0.8,100.0,SCIE
Scientific African,SCI AFR,49/135,32/140,2468-2276,2468-2276,MULTIDISCIPLINARY SCIENCES,8957.0,3.7,Q1,0.73,99.93,ESCI
STRESS-THE INTERNATIONAL JOURNAL ON THE BIOLOGY OF STRESS,STRESS,19/55,7/57,1025-3890,1607-8888,BEHAVIORAL SCIENCES,3748.0,3.7,Q1,0.72,100.0,SCIE
Canadian Journal of Anesthesia-Journal canadien d anesthesie,CAN J ANESTH,15/69,16/72,0832-610X,1496-8975,ANESTHESIOLOGY,6915.0,3.6,Q1,1.26,25.41,SCIE
JOURNALS OF GERONTOLOGY SERIES B-PSYCHOLOGICAL SCIENCES AND SOCIAL SCIENCES,J GERONTOL B-PSYCHOL,16/93,16/93,1079-5014,1758-5368,PSYCHOLOGY,15925.0,3.6,Q1,1.15,25.0,SCIE
Social Cognitive and Affective Neuroscience,SOC COGN AFFECT NEUR,14/93,16/93,1749-5016,1749-5024,PSYCHOLOGY,9294.0,3.6,Q1,1.1,100.0,SCIE
JOURNAL OF APPLIED SPORT PSYCHOLOGY,J APPL SPORT PSYCHOL,36/93,16/93,1041-3200,1533-1571,PSYCHOLOGY,3242.0,3.6,Q1,1.02,28.13,SCIE
PROCEEDINGS OF THE ROYAL SOCIETY B-BIOLOGICAL SCIENCES,P ROY SOC B-BIOL SCI,15/105,23/106,0962-8452,1471-2954,BIOLOGY,61725.0,3.6,Q1,1.02,61.82,SCIE
COGNITIVE AFFECTIVE & BEHAVIORAL NEUROSCIENCE,COGN AFFECT BEHAV NE,7/55,8/57,1530-7026,1531-135X,BEHAVIORAL SCIENCES,5640.0,3.6,Q1,0.98,50.5,SCIE
Journal of Taibah University for Science,J TAIBAH UNIV SCI,61/135,34/140,1658-3655,1658-3655,MULTIDISCIPLINARY SCIENCES,3678.0,3.6,Q1,0.95,100.0,SCIE
HUMAN FACTORS,HUM FACTORS,9/55,8/57,0018-7208,1547-8181,BEHAVIORAL SCIENCES,11950.0,3.6,Q1,0.93,30.99,SCIE
POSTGRADUATE MEDICAL JOURNAL,POSTGRAD MED J,69/315,64/336,0032-5473,1469-0756,"MEDICINE, GENERAL & INTERNAL",7343.0,3.6,Q1,0.89,17.84,SCIE
Frontiers in Medicine,FRONT MED-LAUSANNE,60/315,64/336,,2296-858X,"MEDICINE, GENERAL & INTERNAL",54614.0,3.6,Q1,0.83,99.93,SCIE
Archives of Medical Science,ARCH MED SCI,92/315,64/336,1734-1922,1896-9151,"MEDICINE, GENERAL & INTERNAL",5892.0,3.6,Q1,0.82,99.83,SCIE
Frontiers in Human Neuroscience,FRONT HUM NEUROSCI,31/93,16/93,1662-5161,1662-5161,PSYCHOLOGY,34636.0,3.6,Q1,0.82,99.87,SCIE
Anesthesia and Pain Medicine,ANESTH PAIN MED,,16/72,1975-5171,2383-7977,ANESTHESIOLOGY,1726.0,3.6,Q1,0.74,99.32,ESCI
Scientifica,SCIENTIFICA,47/105,23/106,2090-908X,2090-908X,BIOLOGY,2754.0,3.6,Q1,0.7,100.0,ESCI
JOURNAL OF MEMORY AND LANGUAGE,J MEM LANG,10/93,21/93,0749-596X,1096-0821,PSYCHOLOGY,10957.0,3.5,Q1,1.43,58.76,SCIE
Eating Disorders,EAT DISORD,34/93,21/93,1064-0266,1532-530X,PSYCHOLOGY,2121.0,3.5,Q1,1.26,8.52,SCIE
Journal of Radiation Research and Applied Sciences,J RADIAT RES APPL SC,60/135,35/140,1687-8507,1687-8507,MULTIDISCIPLINARY SCIENCES,5756.0,3.5,Q1,1.07,100.0,SCIE
Minerva Anestesiologica,MINERVA ANESTESIOL,31/69,18/72,0375-9393,1827-1596,ANESTHESIOLOGY,3767.0,3.5,Q1,0.83,10.93,SCIE
BJA Open,BJA OPEN,19/69,18/72,,2772-6096,ANESTHESIOLOGY,505.0,3.5,Q1,0.81,99.43,ESCI
Psychology of Sexual Orientation and Gender Diversity,PSYCHOL SEX ORIENTAT,18/93,23/93,2329-0382,2329-0390,PSYCHOLOGY,3769.0,3.4,Q1,1.37,30.31,SCIE
PSYCHOLOGY AND PSYCHOTHERAPY-THEORY RESEARCH AND PRACTICE,PSYCHOL PSYCHOTHER-T,27/93,23/93,1476-0835,2044-8341,PSYCHOLOGY,2687.0,3.4,Q1,0.88,77.27,SCIE
COMPUTATIONAL BIOLOGY AND CHEMISTRY,COMPUT BIOL CHEM,51/105,25/106,1476-9271,1476-928X,BIOLOGY,4749.0,3.4,Q1,0.78,9.99,SCIE
Frontiers in Behavioral Neuroscience,FRONT BEHAV NEUROSCI,12/55,10/57,1662-5153,,BEHAVIORAL SCIENCES,12578.0,3.4,Q1,0.76,100.0,SCIE
BIOLOGICAL PSYCHOLOGY,BIOL PSYCHOL,13/55,11/57,0301-0511,1873-6246,BEHAVIORAL SCIENCES,11265.0,3.3,Q1,0.99,33.09,SCIE
Journal of Clinical Medicine,J CLIN MED,63/315,67/336,,2077-0383,"MEDICINE, GENERAL & INTERNAL",132600.0,3.3,Q1,0.86,99.95,SCIE
Life Sciences in Space Research,LIFE SCI SPACE RES,41/105,26/106,2214-5524,2214-5532,BIOLOGY,1427.0,3.3,Q1,0.71,35.79,SCIE
BIOESSAYS,BIOESSAYS,21/105,26/106,0265-9247,1521-1878,BIOLOGY,10137.0,3.3,Q1,0.59,63.92,SCIE
JOURNAL OF URBAN HEALTH-BULLETIN OF THE NEW YORK ACADEMY OF MEDICINE,J URBAN HEALTH,40/315,68/336,1099-3460,1468-2869,"MEDICINE, GENERAL & INTERNAL",6263.0,3.2,Q1,1.04,36.74,SCIE
Current Research in Behavioral Sciences,CURR RES BEHAV SCI,,12/57,2666-5182,2666-5182,BEHAVIORAL SCIENCES,518.0,3.2,Q1,0.98,100.0,ESCI
Preventive Medicine,PREV MED,43/315,68/336,0091-7435,1096-0260,"MEDICINE, GENERAL & INTERNAL",20853.0,3.2,Q1,0.97,30.22,SCIE
CORTEX,CORTEX,8/55,12/57,0010-9452,1973-8102,BEHAVIORAL SCIENCES,14510.0,3.2,Q1,0.95,57.02,SCIE
JOURNAL OF KOREAN MEDICAL SCIENCE,J KOREAN MED SCI,85/315,68/336,1011-8934,1598-6357,"MEDICINE, GENERAL & INTERNAL",10211.0,3.2,Q1,0.84,97.98,SCIE
TISSUE & CELL,TISSUE CELL,7/22,1/25,0040-8166,,ANATOMY & MORPHOLOGY,5552.0,3.1,Q1,1.07,11.7,SCIE
JOURNAL OF MEDICAL ECONOMICS,J MED ECON,67/315,71/336,1369-6998,1941-837X,"MEDICINE, GENERAL & INTERNAL",4043.0,3.1,Q1,1.01,100.0,SCIE
YONSEI MEDICAL JOURNAL,YONSEI MED J,88/315,71/336,0513-5796,1976-2437,"MEDICINE, GENERAL & INTERNAL",5329.0,3.1,Q1,0.8,100.0,SCIE
Brain Structure & Function,BRAIN STRUCT FUNCT,1/22,2/25,1863-2653,1863-2661,ANATOMY & MORPHOLOGY,8730.0,3.0,Q1,1.17,49.26,SCIE
Frontiers in Integrative Neuroscience,FRONT INTEGR NEUROSC,10/55,14/57,1662-5145,1662-5145,BEHAVIORAL SCIENCES,3700.0,3.0,Q1,0.72,100.0,SCIE
BioMedicine-Taiwan,BIOMEDICINE-TAIWAN,106/315,73/336,2211-8020,2211-8039,"MEDICINE, GENERAL & INTERNAL",996.0,3.0,Q1,0.54,98.59,ESCI
HONG KONG MEDICAL JOURNAL,HONG KONG MED J,91/315,73/336,1024-2708,1024-2708,"MEDICINE, GENERAL & INTERNAL",1854.0,3.0,Q1,0.47,100.0,SCIE
BMC Primary Care,BMC PRIM CARE,65/315,75/336,,2731-4553,"MEDICINE, GENERAL & INTERNAL",3510.0,2.9,Q1,1.52,100.0,SCIE
Medicina-Lithuania,MEDICINA-LITHUANIA,90/315,75/336,1010-660X,1648-9144,"MEDICINE, GENERAL & INTERNAL",30609.0,2.9,Q1,0.75,99.92,SCIE
Health Science Reports,HEALTH SCI REP-US,98/315,75/336,,2398-8835,"MEDICINE, GENERAL & INTERNAL",6291.0,2.9,Q1,0.69,100.0,ESCI
Pragmatic and Observational Research,PRAGMAT OBS RES,75/315,75/336,1179-7266,1179-7266,"MEDICINE, GENERAL & INTERNAL",297.0,2.9,Q1,0.68,100.0,ESCI
ANNALS ACADEMY OF MEDICINE SINGAPORE,ANN ACAD MED SINGAP,84/315,75/336,,2972-4066,"MEDICINE, GENERAL & INTERNAL",2573.0,2.9,Q1,0.6,100.0,SCIE
JOURNAL OF THE FORMOSAN MEDICAL ASSOCIATION,J FORMOS MED ASSOC,96/315,80/336,0929-6646,1876-0821,"MEDICINE, GENERAL & INTERNAL",6392.0,2.8,Q1,0.83,100.0,SCIE
Clinics and Practice,CLINICS PRACT,102/315,80/336,2039-7275,2039-7283,"MEDICINE, GENERAL & INTERNAL",1997.0,2.8,Q1,0.68,100.0,ESCI
MEDICINA CLINICA,MED CLIN-BARCELONA,112/315,80/336,0025-7753,1578-8989,"MEDICINE, GENERAL & INTERNAL",3999.0,2.8,Q1,0.56,18.78,SCIE
CURRENT MEDICAL RESEARCH AND OPINION,CURR MED RES OPIN,82/315,80/336,0300-7995,1473-4877,"MEDICINE, GENERAL & INTERNAL",8194.0,2.8,Q1,0.53,10.13,SCIE
International Journal of Health Sciences-IJHS,INT J HEALTH SCI-IJH,114/315,80/336,1658-3639,1658-7774,"MEDICINE, GENERAL & INTERNAL",1672.0,2.8,Q1,0.41,22.73,ESCI
Anatomical Record-Advances in Integrative Anatomy and Evolutionary Biology,ANAT REC,5/22,3/25,1932-8486,1932-8494,ANATOMY & MORPHOLOGY,7878.0,2.6,Q1,1.36,44.92,SCIE
ANNALS OF ANATOMY-ANATOMISCHER ANZEIGER,ANN ANAT,8/22,4/25,0940-9602,1618-0402,ANATOMY & MORPHOLOGY,3766.0,2.4,Q1,1.28,35.8,SCIE
CLINICAL ANATOMY,CLIN ANAT,6/22,4/25,0897-3806,1098-2353,ANATOMY & MORPHOLOGY,6441.0,2.4,Q1,1.28,38.99,SCIE
Frontiers in Neuroanatomy,FRONT NEUROANAT,2/22,4/25,1662-5129,1662-5129,ANATOMY & MORPHOLOGY,4672.0,2.4,Q1,0.94,100.0,SCIE
